SEANCE,CODE_INDICE,LIB_INDICE,INDICE_JOUR,INDICE_VEILLE,VARIATION_VEILLE,INDICE_PLUS_HAUT,INDICE_PLUS_BAS,INDICE_OUV
2008-05-30,905001,TUNINDEX,2957.56,2950.88,0.23,2958.27,2943.14,2946.62
2008-05-30,905002,INDSF,1989.41,1988.37,0.05,1991.82,1983.22,1987.17
2008-05-30,905003,INDBQ,1849.15,1849.66,-0.03,1851.66,1844.02,1848.68
2008-05-30,905005,INSFI,2693.44,2689.43,0.15,2702.92,2664.39,2683.1
2008-05-30,905008,INDSC,2190.54,2182.18,0.38,2192.78,2180.21,2180.21
2008-05-30,905013,INBCO,1838.89,1820.62,1.0,1843.16,1807.45,1808.78
2008-05-30,905014,INAUE,1265.02,1247.34,1.42,1265.02,1233.84,1240.46
2008-05-30,905017,INDIN,787.88,788.09,-0.03,789.78,780.01,788.27
2008-05-30,905018,INBMC,713.74,712.49,0.18,715.32,702.89,713.39
2008-06-02,905001,TUNINDEX,2961.87,2957.56,0.15,2970.14,2951.67,2962.93
2008-06-02,905002,INDSF,1996.6,1989.41,0.36,1998.79,1990.93,1993.57
2008-06-02,905003,INDBQ,1854.65,1849.15,0.3,1858.07,1849.05,1854.3
2008-06-02,905005,INSFI,2752.19,2693.44,2.18,2752.19,2668.53,2668.53
2008-06-02,905008,INDSC,2214.85,2190.54,1.11,2214.85,2183.0,2190.54
2008-06-02,905013,INBCO,1817.19,1838.89,-1.18,1845.18,1815.01,1839.8
2008-06-02,905014,INAUE,1304.65,1265.02,3.13,1304.65,1270.18,1270.18
2008-06-02,905017,INDIN,798.16,787.88,1.3,808.59,789.59,789.59
2008-06-02,905018,INBMC,721.34,713.74,1.06,734.63,714.35,715.92
2008-06-03,905001,TUNINDEX,2962.52,2961.87,0.02,2962.52,2954.74,2960.69
2008-06-03,905002,INDSF,2000.25,1996.6,0.18,2000.25,1993.26,1996.87
2008-06-03,905003,INDBQ,1856.72,1854.65,0.11,1856.72,1852.64,1855.06
2008-06-03,905005,INSFI,2765.06,2752.19,0.47,2776.58,2752.36,2761.16
2008-06-03,905008,INDSC,2190.45,2214.85,-1.1,2208.61,2185.34,2203.44
2008-06-03,905013,INBCO,1816.23,1817.19,-0.05,1818.42,1810.71,1817.19
2008-06-03,905014,INAUE,1288.85,1304.65,-1.21,1306.31,1286.88,1304.65
2008-06-03,905017,INDIN,805.16,798.16,0.88,808.72,800.27,800.27
2008-06-03,905018,INBMC,722.28,721.34,0.13,725.97,718.35,720.29
2008-06-04,905001,TUNINDEX,2967.47,2962.52,0.17,2967.47,2906.27,2911.87
2008-06-04,905002,INDSF,2002.15,2000.25,0.09,2003.22,1996.19,2000.53
2008-06-04,905003,INDBQ,1856.13,1856.72,-0.03,1858.67,1852.75,1856.57
2008-06-04,905005,INSFI,2773.73,2765.06,0.31,2776.22,2759.73,2774.58
2008-06-04,905008,INDSC,2192.69,2190.45,0.1,2196.28,2176.57,2196.28
2008-06-04,905013,INBCO,1818.55,1816.23,0.13,1818.77,1811.69,1815.93
2008-06-04,905014,INAUE,1297.43,1288.85,0.67,1306.66,1283.85,1287.13
2008-06-04,905017,INDIN,812.38,805.16,0.9,812.38,796.84,805.16
2008-06-04,905018,INBMC,720.04,722.28,-0.31,722.28,709.89,722.28
2008-06-05,905001,TUNINDEX,2988.19,2967.47,0.7,2988.19,2959.11,2959.11
2008-06-05,905002,INDSF,2019.93,2002.15,0.89,2019.93,1995.75,1995.87
2008-06-05,905003,INDBQ,1872.94,1856.13,0.91,1874.91,1851.95,1852.07
2008-06-05,905005,INSFI,2750.27,2773.73,-0.85,2761.53,2710.55,2710.55
2008-06-05,905008,INDSC,2197.82,2192.69,0.23,2203.71,2179.76,2179.76
2008-06-05,905013,INBCO,1825.96,1818.55,0.41,1827.32,1809.19,1815.9
2008-06-05,905014,INAUE,1287.32,1297.43,-0.78,1298.29,1282.67,1290.55
2008-06-05,905017,INDIN,816.8,812.38,0.54,816.8,804.5,812.38
2008-06-05,905018,INBMC,712.68,720.04,-1.02,720.04,706.26,720.04
2008-06-06,905001,TUNINDEX,2991.14,2988.19,0.1,3009.86,2984.06,2999.99
2008-06-06,905002,INDSF,2022.51,2019.93,0.13,2040.25,2015.89,2032.38
2008-06-06,905003,INDBQ,1874.56,1872.94,0.09,1893.63,1869.1,1886.07
2008-06-06,905005,INSFI,2710.57,2750.27,-1.44,2750.27,2697.13,2750.27
2008-06-06,905008,INDSC,2210.93,2197.82,0.6,2215.29,2200.4,2200.4
2008-06-06,905013,INBCO,1812.45,1825.96,-0.74,1828.12,1807.92,1825.66
2008-06-06,905014,INAUE,1283.54,1287.32,-0.29,1299.75,1280.07,1299.75
2008-06-06,905017,INDIN,820.87,816.8,0.5,826.53,812.93,816.7
2008-06-06,905018,INBMC,724.09,712.68,1.6,725.73,710.86,710.86
2008-06-09,905001,TUNINDEX,2995.24,2991.14,0.14,2995.24,2980.11,2989.9
2008-06-09,905002,INDSF,2028.67,2022.51,0.3,2028.67,2015.96,2020.75
2008-06-09,905003,INDBQ,1876.59,1874.56,0.11,1876.59,1866.03,1872.7
2008-06-09,905005,INSFI,2731.13,2710.57,0.76,2731.13,2710.57,2710.57
2008-06-09,905008,INDSC,2192.02,2210.93,-0.86,2210.93,2187.67,2210.93
2008-06-09,905013,INBCO,1815.37,1812.45,0.16,1815.37,1802.76,1815.27
2008-06-09,905014,INAUE,1289.62,1283.54,0.47,1293.09,1280.29,1287.87
2008-06-09,905017,INDIN,813.51,820.87,-0.9,815.85,807.95,815.85
2008-06-09,905018,INBMC,714.73,724.09,-1.29,716.0,709.47,716.0
2008-06-10,905001,TUNINDEX,2994.99,2995.24,-0.01,2997.11,2982.73,2995.25
2008-06-10,905002,INDSF,2028.83,2028.67,0.01,2031.91,2017.15,2025.52
2008-06-10,905003,INDBQ,1869.57,1876.59,-0.37,1877.42,1860.78,1872.07
2008-06-10,905005,INSFI,2761.59,2731.13,1.12,2761.59,2715.16,2715.16
2008-06-10,905008,INDSC,2192.02,2192.02,0.0,2192.02,2183.11,2184.74
2008-06-10,905013,INBCO,1822.16,1815.37,0.37,1822.16,1813.28,1816.9
2008-06-10,905014,INAUE,1327.89,1289.62,2.97,1327.89,1297.12,1298.47
2008-06-10,905017,INDIN,809.56,813.51,-0.49,813.45,805.01,809.86
2008-06-10,905018,INBMC,718.9,714.73,0.58,723.01,712.37,713.94
2008-06-11,905001,TUNINDEX,3004.81,2994.99,0.33,3004.81,2992.96,2996.35
2008-06-11,905002,INDSF,2034.36,2028.83,0.27,2035.95,2028.4,2030.82
2008-06-11,905003,INDBQ,1873.13,1869.57,0.19,1874.39,1866.85,1872.82
2008-06-11,905005,INSFI,2750.38,2761.59,-0.41,2766.85,2728.69,2728.69
2008-06-11,905008,INDSC,2218.01,2192.02,1.19,2223.18,2192.3,2197.85
2008-06-11,905013,INBCO,1825.79,1822.16,0.2,1825.79,1811.04,1816.83
2008-06-11,905014,INAUE,1350.28,1327.89,1.69,1350.28,1319.04,1327.89
2008-06-11,905017,INDIN,799.8,809.56,-1.21,808.33,797.13,808.33
2008-06-11,905018,INBMC,710.7,718.9,-1.14,717.33,706.45,717.33
2008-06-12,905001,TUNINDEX,3003.91,3004.81,-0.03,3006.95,2990.92,3006.95
2008-06-12,905002,INDSF,2034.52,2034.36,0.01,2037.8,2024.38,2037.29
2008-06-12,905003,INDBQ,1867.31,1873.13,-0.31,1875.96,1859.54,1875.96
2008-06-12,905005,INSFI,2824.25,2750.38,2.69,2827.66,2747.72,2747.72
2008-06-12,905008,INDSC,2216.09,2218.01,-0.09,2217.63,2207.21,2212.84
2008-06-12,905013,INBCO,1817.93,1825.79,-0.43,1825.37,1812.29,1825.37
2008-06-12,905014,INAUE,1366.59,1350.28,1.21,1368.36,1348.04,1354.08
2008-06-12,905017,INDIN,809.49,799.8,1.21,810.82,794.62,794.62
2008-06-12,905018,INBMC,716.17,710.7,0.77,716.17,707.86,708.34
2008-06-13,905001,TUNINDEX,2997.61,3003.91,-0.21,3005.75,2989.64,2999.31
2008-06-13,905002,INDSF,2030.95,2034.52,-0.18,2038.41,2022.32,2033.11
2008-06-13,905003,INDBQ,1857.43,1867.31,-0.53,1867.62,1848.89,1865.75
2008-06-13,905005,INSFI,2888.46,2824.25,2.27,2920.69,2857.69,2857.69
2008-06-13,905008,INDSC,2212.02,2216.09,-0.18,2216.6,2206.26,2211.43
2008-06-13,905013,INBCO,1812.72,1817.93,-0.29,1819.86,1807.51,1807.98
2008-06-13,905014,INAUE,1378.29,1366.59,0.86,1389.75,1370.7,1370.7
2008-06-13,905017,INDIN,802.79,809.49,-0.83,810.23,802.59,807.11
2008-06-13,905018,INBMC,711.34,716.17,-0.67,711.34,706.2,708.56
2008-06-16,905001,TUNINDEX,2997.24,2997.61,-0.01,3001.85,2973.48,2973.48
2008-06-16,905002,INDSF,2029.99,2030.95,-0.05,2035.25,2010.93,2010.93
2008-06-16,905003,INDBQ,1852.9,1857.43,-0.24,1861.81,1837.5,1837.5
2008-06-16,905005,INSFI,2881.49,2888.46,-0.24,2881.49,2852.82,2861.52
2008-06-16,905008,INDSC,2205.13,2212.02,-0.31,2210.28,2192.05,2193.34
2008-06-16,905013,INBCO,1820.63,1812.72,0.44,1821.9,1809.09,1811.09
2008-06-16,905014,INAUE,1369.86,1378.29,-0.61,1387.4,1361.9,1387.4
2008-06-16,905017,INDIN,792.49,802.79,-1.28,805.99,790.87,802.31
2008-06-16,905018,INBMC,702.95,711.34,-1.18,715.48,700.88,715.48
2008-06-17,905001,TUNINDEX,2985.6,2997.24,-0.39,2998.4,2978.63,2992.88
2008-06-17,905002,INDSF,2014.58,2029.99,-0.76,2033.2,2013.57,2026.87
2008-06-17,905003,INDBQ,1830.11,1852.9,-1.23,1851.94,1829.59,1849.45
2008-06-17,905005,INSFI,2871.03,2881.49,-0.36,2873.02,2841.78,2853.57
2008-06-17,905008,INDSC,2208.64,2205.13,0.16,2209.8,2186.53,2193.06
2008-06-17,905013,INBCO,1831.74,1820.63,0.61,1831.74,1814.24,1814.39
2008-06-17,905014,INAUE,1361.62,1369.86,-0.6,1363.67,1345.69,1363.67
2008-06-17,905017,INDIN,789.46,792.49,-0.38,796.06,789.03,796.06
2008-06-17,905018,INBMC,702.03,702.95,-0.13,707.5,701.49,707.5
2008-06-18,905001,TUNINDEX,3014.46,2985.6,0.97,3014.7,2987.79,2997.95
2008-06-18,905002,INDSF,2038.4,2014.58,1.18,2038.4,2015.32,2025.92
2008-06-18,905003,INDBQ,1846.96,1830.11,0.92,1846.96,1829.86,1842.51
2008-06-18,905005,INSFI,2926.86,2871.03,1.94,2926.86,2859.49,2859.49
2008-06-18,905008,INDSC,2202.33,2208.64,-0.29,2208.64,2185.37,2185.37
2008-06-18,905013,INBCO,1852.07,1831.74,1.11,1859.8,1834.4,1836.25
2008-06-18,905014,INAUE,1383.22,1361.62,1.59,1383.22,1351.42,1361.62
2008-06-18,905017,INDIN,791.75,789.46,0.29,795.79,784.1,787.93
2008-06-18,905018,INBMC,707.69,702.03,0.81,712.76,696.56,703.5
2008-06-19,905001,TUNINDEX,3027.5,3014.46,0.43,3027.5,3005.54,3009.14
2008-06-19,905002,INDSF,2049.64,2038.4,0.55,2049.64,2033.17,2035.24
2008-06-19,905003,INDBQ,1854.5,1846.96,0.41,1854.5,1838.62,1843.97
2008-06-19,905005,INSFI,3024.26,2926.86,3.33,3024.26,2917.76,2917.76
2008-06-19,905008,INDSC,2188.4,2202.33,-0.63,2199.16,2178.48,2184.22
2008-06-19,905013,INBCO,1864.11,1852.07,0.65,1864.11,1844.86,1852.07
2008-06-19,905014,INAUE,1433.06,1383.22,3.6,1433.06,1369.95,1377.03
2008-06-19,905017,INDIN,780.27,791.75,-1.45,792.33,775.28,791.76
2008-06-19,905018,INBMC,690.62,707.69,-2.41,705.87,690.62,705.14
2008-06-20,905001,TUNINDEX,3032.71,3027.5,0.17,3032.71,3010.99,3030.41
2008-06-20,905002,INDSF,2052.85,2049.64,0.16,2052.85,2033.93,2049.11
2008-06-20,905003,INDBQ,1861.0,1854.5,0.35,1861.0,1840.1,1851.68
2008-06-20,905005,INSFI,3014.84,3024.26,-0.31,3126.93,3014.84,3075.1
2008-06-20,905008,INDSC,2175.76,2188.4,-0.58,2187.13,2160.82,2186.84
2008-06-20,905013,INBCO,1877.76,1864.11,0.73,1884.32,1862.91,1884.32
2008-06-20,905014,INAUE,1499.98,1433.06,4.67,1499.98,1456.06,1459.6
2008-06-20,905017,INDIN,779.04,780.27,-0.16,780.28,768.93,779.85
2008-06-20,905018,INBMC,689.82,690.62,-0.12,693.13,684.02,691.8
2008-06-23,905001,TUNINDEX,3034.9,3032.71,0.07,3035.33,3015.27,3029.83
2008-06-23,905002,INDSF,2054.82,2052.85,0.1,2054.82,2036.8,2050.39
2008-06-23,905003,INDBQ,1866.11,1861.0,0.27,1866.11,1847.81,1858.7
2008-06-23,905005,INSFI,2997.57,3014.84,-0.57,3009.86,2959.95,3009.86
2008-06-23,905008,INDSC,2208.23,2175.76,1.49,2215.99,2181.75,2182.61
2008-06-23,905013,INBCO,1866.06,1877.76,-0.62,1873.25,1863.42,1870.59
2008-06-23,905014,INAUE,1459.9,1499.98,-2.67,1492.01,1459.9,1492.01
2008-06-23,905017,INDIN,776.61,779.04,-0.31,780.04,774.61,780.04
2008-06-23,905018,INBMC,686.72,689.82,-0.45,691.1,686.72,691.1
2008-06-24,905001,TUNINDEX,3029.8,3034.9,-0.17,3036.28,3021.57,3035.28
2008-06-24,905002,INDSF,2048.39,2054.82,-0.31,2054.8,2041.43,2054.8
2008-06-24,905003,INDBQ,1860.61,1866.11,-0.29,1866.09,1854.15,1866.09
2008-06-24,905005,INSFI,3001.01,2997.57,0.11,3015.74,2968.52,2968.52
2008-06-24,905008,INDSC,2225.22,2208.23,0.77,2233.45,2205.01,2222.56
2008-06-24,905013,INBCO,1858.26,1866.06,-0.42,1862.3,1848.08,1861.96
2008-06-24,905014,INAUE,1436.9,1459.9,-1.58,1456.36,1431.59,1454.59
2008-06-24,905017,INDIN,778.53,776.61,0.25,778.53,768.35,776.61
2008-06-24,905018,INBMC,692.08,686.72,0.78,692.08,683.56,686.72
2008-06-25,905001,TUNINDEX,3030.53,3029.8,0.02,3034.94,3020.05,3028.9
2008-06-25,905002,INDSF,2053.09,2048.39,0.23,2055.64,2040.81,2047.98
2008-06-25,905003,INDBQ,1861.86,1860.61,0.07,1865.49,1851.32,1860.18
2008-06-25,905005,INSFI,3038.98,3001.01,1.27,3038.98,3001.01,3001.01
2008-06-25,905008,INDSC,2215.93,2225.22,-0.42,2221.1,2197.3,2221.1
2008-06-25,905013,INBCO,1854.19,1858.26,-0.22,1864.45,1851.71,1858.26
2008-06-25,905014,INAUE,1465.79,1436.9,2.01,1467.6,1436.9,1436.9
2008-06-25,905017,INDIN,775.98,778.53,-0.33,781.8,773.32,775.85
2008-06-25,905018,INBMC,692.32,692.08,0.03,699.68,690.52,694.94
2008-06-26,905001,TUNINDEX,3035.5,3030.53,0.16,3035.5,3012.2,3027.41
2008-06-26,905002,INDSF,2057.6,2053.09,0.22,2057.6,2035.89,2047.23
2008-06-26,905003,INDBQ,1866.4,1861.86,0.24,1866.4,1844.09,1856.22
2008-06-26,905005,INSFI,3076.85,3038.98,1.25,3076.85,3027.45,3027.45
2008-06-26,905008,INDSC,2212.35,2215.93,-0.16,2212.35,2192.52,2198.05
2008-06-26,905013,INBCO,1872.84,1854.19,1.01,1876.31,1864.96,1865.77
2008-06-26,905014,INAUE,1494.24,1465.79,1.94,1500.61,1465.79,1465.79
2008-06-26,905017,INDIN,772.04,775.98,-0.51,777.13,766.48,777.13
2008-06-26,905018,INBMC,688.06,692.32,-0.62,697.55,684.8,697.55
2008-06-27,905001,TUNINDEX,3059.63,3035.5,0.79,3060.26,3033.68,3033.68
2008-06-27,905002,INDSF,2077.67,2057.6,0.98,2077.67,2057.33,2057.33
2008-06-27,905003,INDBQ,1887.39,1866.4,1.12,1887.39,1866.57,1866.57
2008-06-27,905005,INSFI,3125.84,3076.85,1.59,3125.84,3066.38,3066.38
2008-06-27,905008,INDSC,2248.7,2212.35,1.64,2248.7,2199.45,2199.45
2008-06-27,905013,INBCO,1876.29,1872.84,0.18,1876.29,1854.41,1872.84
2008-06-27,905014,INAUE,1536.91,1494.24,2.86,1536.91,1489.51,1494.24
2008-06-27,905017,INDIN,773.33,772.04,0.17,781.32,771.37,778.75
2008-06-27,905018,INBMC,686.94,688.06,-0.16,697.0,684.45,696.64
2008-06-30,905001,TUNINDEX,3057.79,3059.63,-0.06,3070.66,3046.58,3055.19
2008-06-30,905002,INDSF,2070.16,2077.67,-0.36,2079.82,2064.34,2073.45
2008-06-30,905003,INDBQ,1878.36,1887.39,-0.48,1890.99,1874.23,1883.93
2008-06-30,905005,INSFI,3147.36,3125.84,0.69,3150.1,3104.28,3104.28
2008-06-30,905008,INDSC,2265.03,2248.7,0.73,2305.31,2230.16,2248.7
2008-06-30,905013,INBCO,1889.16,1876.29,0.69,1891.42,1877.46,1877.46
2008-06-30,905014,INAUE,1558.3,1536.91,1.39,1580.67,1534.88,1535.55
2008-06-30,905017,INDIN,780.98,773.33,0.99,781.35,763.4,766.02
2008-06-30,905018,INBMC,690.9,686.94,0.58,691.37,677.03,680.38
2008-07-01,905001,TUNINDEX,3042.44,3057.79,-0.5,3061.77,3037.14,3053.08
2008-07-01,905002,INDSF,2061.14,2070.16,-0.44,2079.17,2061.14,2070.48
2008-07-01,905003,INDBQ,1873.31,1878.36,-0.27,1888.77,1871.74,1887.4
2008-07-01,905005,INSFI,3148.74,3147.36,0.04,3154.82,3128.72,3154.82
2008-07-01,905008,INDSC,2223.72,2265.03,-1.82,2262.76,2215.08,2250.13
2008-07-01,905013,INBCO,1885.56,1889.16,-0.19,1890.18,1865.22,1890.18
2008-07-01,905014,INAUE,1534.39,1558.3,-1.53,1561.42,1534.39,1561.42
2008-07-01,905017,INDIN,774.43,780.98,-0.84,792.71,763.4,792.71
2008-07-01,905018,INBMC,690.55,690.9,-0.05,705.99,680.69,705.99
2008-07-01,905020,INDMB,1642.25,1643.37,-0.07,1643.37,1635.12,1643.37
2008-07-02,905001,TUNINDEX,3032.16,3042.44,-0.34,3043.33,3026.37,3039.14
2008-07-02,905002,INDSF,2053.04,2061.14,-0.39,2062.34,2051.08,2057.5
2008-07-02,905003,INDBQ,1863.51,1873.31,-0.52,1875.0,1863.51,1870.52
2008-07-02,905005,INSFI,3125.58,3148.74,-0.74,3143.48,3124.51,3125.52
2008-07-02,905008,INDSC,2265.71,2223.72,1.89,2265.71,2235.91,2253.51
2008-07-02,905013,INBCO,1875.39,1885.56,-0.54,1879.79,1857.67,1875.37
2008-07-02,905014,INAUE,1521.45,1534.39,-0.84,1543.23,1517.53,1542.35
2008-07-02,905017,INDIN,768.78,774.43,-0.73,780.19,764.47,773.94
2008-07-02,905018,INBMC,687.93,690.55,-0.38,698.58,685.06,697.09
2008-07-02,905020,INDMB,1609.33,1642.25,-2.0,1631.93,1607.27,1631.93
2008-07-03,905001,TUNINDEX,3040.05,3032.16,0.26,3047.17,3030.48,3034.47
2008-07-03,905002,INDSF,2057.43,2053.04,0.21,2063.88,2050.46,2052.02
2008-07-03,905003,INDBQ,1867.09,1863.51,0.19,1874.14,1862.7,1863.51
2008-07-03,905005,INSFI,3140.99,3125.58,0.49,3140.99,3090.65,3101.3
2008-07-03,905008,INDSC,2267.86,2265.71,0.09,2277.13,2259.25,2267.36
2008-07-03,905013,INBCO,1878.55,1875.39,0.17,1879.17,1860.69,1879.17
2008-07-03,905014,INAUE,1541.82,1521.45,1.34,1554.21,1537.38,1541.43
2008-07-03,905017,INDIN,778.78,768.78,1.3,778.78,765.44,766.07
2008-07-03,905018,INBMC,697.64,687.93,1.41,698.89,685.19,687.12
2008-07-03,905020,INDMB,1616.47,1609.33,0.44,1631.93,1616.47,1629.96
2008-07-04,905001,TUNINDEX,3039.83,3040.05,-0.01,3044.96,3032.12,3041.32
2008-07-04,905002,INDSF,2055.99,2057.43,-0.07,2061.65,2052.54,2057.53
2008-07-04,905003,INDBQ,1866.56,1867.09,-0.03,1872.54,1861.84,1866.92
2008-07-04,905005,INSFI,3118.66,3140.99,-0.71,3147.06,3106.21,3147.06
2008-07-04,905008,INDSC,2277.6,2267.86,0.43,2279.97,2247.14,2263.47
2008-07-04,905013,INBCO,1876.75,1878.55,-0.1,1884.24,1864.52,1881.39
2008-07-04,905014,INAUE,1549.29,1541.82,0.48,1556.91,1545.57,1556.91
2008-07-04,905017,INDIN,778.05,778.78,-0.09,784.03,775.85,784.03
2008-07-04,905018,INBMC,696.71,697.64,-0.13,702.65,692.12,702.65
2008-07-04,905020,INDMB,1623.84,1616.47,0.46,1623.84,1615.44,1620.6
2008-07-07,905001,TUNINDEX,3046.59,3039.83,0.22,3046.59,3035.61,3035.76
2008-07-07,905002,INDSF,2062.97,2055.99,0.34,2062.97,2051.67,2051.67
2008-07-07,905003,INDBQ,1874.01,1866.56,0.4,1874.01,1861.42,1861.78
2008-07-07,905005,INSFI,3131.66,3118.66,0.42,3153.38,3113.45,3124.25
2008-07-07,905008,INDSC,2277.02,2277.6,-0.03,2277.02,2243.54,2275.94
2008-07-07,905013,INBCO,1876.43,1876.75,-0.02,1881.69,1876.15,1878.08
2008-07-07,905014,INAUE,1557.86,1549.29,0.55,1566.99,1549.06,1550.18
2008-07-07,905017,INDIN,775.7,778.05,-0.3,777.26,766.65,777.26
2008-07-07,905018,INBMC,693.84,696.71,-0.41,698.58,687.37,698.58
2008-07-07,905020,INDMB,1627.09,1623.84,0.2,1635.34,1623.84,1623.84
2008-07-08,905001,TUNINDEX,3024.56,3046.59,-0.72,3046.8,3023.92,3046.42
2008-07-08,905002,INDSF,2048.38,2062.97,-0.71,2062.66,2046.74,2062.66
2008-07-08,905003,INDBQ,1863.75,1874.01,-0.55,1873.92,1861.04,1873.92
2008-07-08,905005,INSFI,3065.6,3131.66,-2.11,3136.19,3065.6,3126.34
2008-07-08,905008,INDSC,2258.63,2277.02,-0.81,2283.17,2258.63,2277.02
2008-07-08,905013,INBCO,1853.09,1876.43,-1.24,1878.93,1853.09,1878.93
2008-07-08,905014,INAUE,1539.49,1557.86,-1.18,1564.94,1539.49,1564.94
2008-07-08,905017,INDIN,772.56,775.7,-0.4,779.26,770.69,776.28
2008-07-08,905018,INBMC,692.35,693.84,-0.21,694.65,688.98,694.59
2008-07-08,905020,INDMB,1631.63,1627.09,0.28,1631.63,1614.71,1626.06
2008-07-09,905001,TUNINDEX,3000.87,3024.56,-0.78,3030.51,2997.56,3030.51
2008-07-09,905002,INDSF,2031.38,2048.38,-0.83,2054.88,2029.85,2054.88
2008-07-09,905003,INDBQ,1853.56,1863.75,-0.55,1869.33,1846.42,1869.33
2008-07-09,905005,INSFI,2997.24,3065.6,-2.23,3061.55,2997.24,3061.55
2008-07-09,905008,INDSC,2228.46,2258.63,-1.34,2258.63,2221.17,2258.63
2008-07-09,905013,INBCO,1844.77,1853.09,-0.45,1860.32,1839.23,1860.32
2008-07-09,905014,INAUE,1503.96,1539.49,-2.31,1536.79,1503.96,1536.79
2008-07-09,905017,INDIN,766.11,772.56,-0.83,773.17,763.73,769.33
2008-07-09,905018,INBMC,684.91,692.35,-1.07,688.18,678.91,688.18
2008-07-09,905020,INDMB,1629.54,1631.63,-0.13,1637.79,1621.32,1621.32
2008-07-10,905001,TUNINDEX,2964.11,3000.87,-1.22,2990.02,2957.29,2989.13
2008-07-10,905002,INDSF,2004.76,2031.38,-1.31,2024.84,2002.23,2023.76
2008-07-10,905003,INDBQ,1832.27,1853.56,-1.15,1847.42,1831.17,1847.14
2008-07-10,905005,INSFI,2965.28,2997.24,-1.07,2986.06,2940.24,2961.54
2008-07-10,905008,INDSC,2198.44,2228.46,-1.35,2229.34,2186.5,2222.58
2008-07-10,905013,INBCO,1815.08,1844.77,-1.61,1833.5,1784.65,1833.5
2008-07-10,905014,INAUE,1478.86,1503.96,-1.67,1506.19,1478.86,1506.19
2008-07-10,905017,INDIN,751.11,766.11,-1.96,762.01,744.86,762.01
2008-07-10,905018,INBMC,669.96,684.91,-2.18,679.61,665.79,679.61
2008-07-10,905020,INDMB,1635.73,1629.54,0.38,1635.73,1619.22,1624.38
2008-07-11,905001,TUNINDEX,2981.15,2964.11,0.57,2981.63,2954.92,2955.8
2008-07-11,905002,INDSF,2020.74,2004.76,0.8,2021.55,2002.59,2002.66
2008-07-11,905003,INDBQ,1844.5,1832.27,0.67,1844.5,1830.72,1830.72
2008-07-11,905005,INSFI,3024.12,2965.28,1.98,3039.66,2933.97,2965.07
2008-07-11,905008,INDSC,2228.53,2198.44,1.37,2228.53,2187.89,2214.75
2008-07-11,905013,INBCO,1796.42,1815.08,-1.03,1796.42,1772.91,1784.82
2008-07-11,905014,INAUE,1505.24,1478.86,1.78,1508.93,1482.24,1485.77
2008-07-11,905017,INDIN,749.63,751.11,-0.2,753.65,742.79,753.65
2008-07-11,905018,INBMC,668.32,669.96,-0.24,673.24,660.37,673.24
2008-07-11,905020,INDMB,1641.29,1635.73,0.34,1641.29,1620.25,1620.25
2008-07-14,905001,TUNINDEX,2982.23,2981.15,0.04,2990.1,2979.4,2986.58
2008-07-14,905002,INDSF,2013.53,2020.74,-0.36,2024.03,2013.22,2021.79
2008-07-14,905003,INDBQ,1838.2,1844.5,-0.34,1847.95,1838.2,1845.61
2008-07-14,905005,INSFI,3031.29,3024.12,0.24,3031.29,3016.6,3024.12
2008-07-14,905008,INDSC,2299.11,2228.53,3.17,2299.11,2240.55,2261.44
2008-07-14,905013,INBCO,1794.56,1796.42,-0.1,1821.97,1785.35,1797.76
2008-07-14,905014,INAUE,1515.72,1505.24,0.7,1519.44,1505.24,1512.31
2008-07-14,905017,INDIN,751.8,749.63,0.29,762.65,751.8,752.03
2008-07-14,905018,INBMC,665.98,668.32,-0.35,679.1,665.98,669.64
2008-07-14,905020,INDMB,1636.13,1641.29,-0.31,1649.54,1636.13,1641.29
2008-07-15,905001,TUNINDEX,2994.57,2982.23,0.41,2997.81,2983.19,2989.02
2008-07-15,905002,INDSF,2022.0,2013.53,0.42,2022.95,2012.31,2015.96
2008-07-15,905003,INDBQ,1844.75,1838.2,0.36,1846.38,1836.02,1841.38
2008-07-15,905005,INSFI,3078.58,3031.29,1.56,3078.58,3001.24,3001.24
2008-07-15,905008,INDSC,2307.54,2299.11,0.37,2340.88,2295.61,2299.11
2008-07-15,905013,INBCO,1805.69,1794.56,0.62,1816.49,1797.57,1809.28
2008-07-15,905014,INAUE,1544.21,1515.72,1.88,1544.21,1506.87,1506.87
2008-07-15,905017,INDIN,757.99,751.8,0.82,758.14,751.61,751.61
2008-07-15,905018,INBMC,666.36,665.98,0.06,666.55,664.85,664.85
2008-07-15,905020,INDMB,1638.11,1636.13,0.12,1644.38,1635.1,1644.38
2008-07-16,905001,TUNINDEX,2992.79,2994.57,-0.06,2997.23,2987.57,2990.44
2008-07-16,905002,INDSF,2017.0,2022.0,-0.25,2022.25,2011.17,2019.71
2008-07-16,905003,INDBQ,1840.25,1844.75,-0.24,1845.02,1834.85,1842.36
2008-07-16,905005,INSFI,3086.05,3078.58,0.24,3086.05,3057.17,3078.58
2008-07-16,905008,INDSC,2327.37,2307.54,0.86,2349.53,2319.48,2319.48
2008-07-16,905013,INBCO,1810.71,1805.69,0.28,1811.88,1807.37,1807.7
2008-07-16,905014,INAUE,1570.77,1544.21,1.72,1576.94,1554.82,1554.82
2008-07-16,905017,INDIN,757.5,757.99,-0.06,770.44,756.96,765.17
2008-07-16,905018,INBMC,667.5,666.36,0.17,682.45,665.04,675.63
2008-07-16,905020,INDMB,1642.24,1638.11,0.25,1642.24,1624.7,1624.7
2008-07-17,905001,TUNINDEX,3005.55,2992.79,0.43,3007.05,2995.65,2999.87
2008-07-17,905002,INDSF,2021.96,2017.0,0.25,2024.93,2014.55,2020.31
2008-07-17,905003,INDBQ,1847.08,1840.25,0.37,1847.45,1839.16,1842.6
2008-07-17,905005,INSFI,3084.11,3086.05,-0.06,3098.76,3081.23,3087.12
2008-07-17,905008,INDSC,2367.44,2327.37,1.72,2390.83,2312.45,2345.28
2008-07-17,905013,INBCO,1817.09,1810.71,0.35,1825.17,1811.05,1811.05
2008-07-17,905014,INAUE,1583.59,1570.77,0.82,1593.1,1572.54,1572.54
2008-07-17,905017,INDIN,759.55,757.5,0.27,770.15,756.47,766.05
2008-07-17,905018,INBMC,670.14,667.5,0.4,682.07,667.5,676.77
2008-07-17,905020,INDMB,1649.22,1642.24,0.43,1664.13,1642.24,1647.4
2008-07-18,905001,TUNINDEX,2998.77,3005.55,-0.23,3010.15,2995.49,3008.49
2008-07-18,905002,INDSF,2014.55,2021.96,-0.37,2021.61,2013.92,2019.77
2008-07-18,905003,INDBQ,1842.06,1847.08,-0.27,1846.73,1840.07,1844.65
2008-07-18,905005,INSFI,3076.09,3084.11,-0.26,3089.75,3071.69,3085.33
2008-07-18,905008,INDSC,2330.03,2367.44,-1.58,2385.41,2326.28,2385.41
2008-07-18,905013,INBCO,1837.52,1817.09,1.12,1837.52,1816.43,1817.09
2008-07-18,905014,INAUE,1592.43,1583.59,0.56,1592.43,1583.59,1583.59
2008-07-18,905017,INDIN,758.42,759.55,-0.15,769.42,750.78,765.91
2008-07-18,905018,INBMC,673.05,670.14,0.43,680.11,665.67,678.28
2008-07-18,905020,INDMB,1658.5,1649.22,0.56,1664.69,1654.37,1663.66
2008-07-21,905001,TUNINDEX,3005.52,2998.77,0.23,3006.62,2991.45,3002.97
2008-07-21,905002,INDSF,2014.91,2014.55,0.02,2017.55,2009.13,2015.79
2008-07-21,905003,INDBQ,1844.41,1842.06,0.13,1845.99,1838.11,1843.4
2008-07-21,905005,INSFI,3063.6,3076.09,-0.41,3075.36,3046.97,3075.02
2008-07-21,905008,INDSC,2327.11,2330.03,-0.13,2341.49,2300.78,2340.26
2008-07-21,905013,INBCO,1872.22,1837.52,1.89,1872.22,1826.78,1826.78
2008-07-21,905014,INAUE,1610.57,1592.43,1.14,1619.65,1593.11,1593.11
2008-07-21,905017,INDIN,758.29,758.42,-0.02,764.32,753.15,764.32
2008-07-21,905018,INBMC,671.28,673.05,-0.26,680.58,668.25,680.58
2008-07-21,905020,INDMB,1659.53,1658.5,0.06,1670.88,1658.5,1670.88
2008-07-22,905001,TUNINDEX,3006.34,3005.52,0.03,3007.15,2988.56,3003.11
2008-07-22,905002,INDSF,2019.35,2014.91,0.22,2019.82,2006.92,2011.64
2008-07-22,905003,INDBQ,1849.76,1844.41,0.29,1849.76,1838.74,1841.72
2008-07-22,905005,INSFI,3030.67,3063.6,-1.07,3061.17,3030.67,3061.17
2008-07-22,905008,INDSC,2316.35,2327.11,-0.46,2327.11,2306.33,2327.11
2008-07-22,905013,INBCO,1867.38,1872.22,-0.26,1874.56,1841.69,1874.56
2008-07-22,905014,INAUE,1630.03,1610.57,1.21,1630.03,1598.19,1598.19
2008-07-22,905017,INDIN,761.37,758.29,0.41,765.58,751.93,763.74
2008-07-22,905018,INBMC,678.76,671.28,1.11,681.48,671.28,680.03
2008-07-22,905020,INDMB,1661.82,1659.53,0.14,1663.66,1646.12,1659.53
2008-07-23,905001,TUNINDEX,3016.39,3006.34,0.33,3016.39,2988.84,3000.1
2008-07-23,905002,INDSF,2027.54,2019.35,0.41,2027.54,2005.94,2015.35
2008-07-23,905003,INDBQ,1854.37,1849.76,0.25,1854.37,1836.44,1845.65
2008-07-23,905005,INSFI,3035.03,3030.67,0.14,3035.03,3016.25,3028.24
2008-07-23,905008,INDSC,2333.16,2316.35,0.73,2333.16,2316.35,2316.35
2008-07-23,905013,INBCO,1876.45,1867.38,0.49,1876.45,1848.02,1854.78
2008-07-23,905014,INAUE,1688.63,1630.03,3.6,1688.63,1625.3,1625.3
2008-07-23,905017,INDIN,761.48,761.37,0.01,761.48,750.93,761.34
2008-07-23,905018,INBMC,675.44,678.76,-0.49,678.72,672.94,678.72
2008-07-23,905020,INDMB,1645.08,1661.82,-1.01,1658.73,1644.02,1648.41
2008-07-24,905001,TUNINDEX,3020.55,3016.39,0.14,3025.91,3009.77,3012.31
2008-07-24,905002,INDSF,2032.63,2027.54,0.25,2032.66,2022.6,2022.6
2008-07-24,905003,INDBQ,1854.93,1854.37,0.03,1855.04,1848.67,1849.54
2008-07-24,905005,INSFI,3116.54,3035.03,2.69,3123.09,3027.19,3027.19
2008-07-24,905008,INDSC,2367.22,2333.16,1.46,2383.87,2332.81,2332.81
2008-07-24,905013,INBCO,1872.99,1876.45,-0.18,1891.86,1865.09,1876.98
2008-07-24,905014,INAUE,1669.26,1688.63,-1.15,1723.33,1657.69,1689.52
2008-07-24,905017,INDIN,755.04,761.48,-0.85,760.89,752.1,760.89
2008-07-24,905018,INBMC,670.15,675.44,-0.78,674.62,666.39,673.8
2008-07-24,905020,INDMB,1623.44,1645.08,-1.32,1628.57,1623.41,1623.41
2008-07-28,905001,TUNINDEX,3018.42,3020.55,-0.07,3022.58,3006.77,3022.37
2008-07-28,905002,INDSF,2029.5,2032.63,-0.15,2033.81,2022.48,2029.49
2008-07-28,905003,INDBQ,1850.9,1854.93,-0.22,1855.81,1845.07,1852.15
2008-07-28,905005,INSFI,3117.46,3116.54,0.03,3117.46,3098.74,3105.04
2008-07-28,905008,INDSC,2376.56,2367.22,0.39,2388.11,2345.93,2388.11
2008-07-28,905013,INBCO,1868.92,1872.99,-0.22,1871.44,1852.72,1870.98
2008-07-28,905014,INAUE,1642.56,1669.26,-1.6,1658.58,1624.76,1658.58
2008-07-28,905017,INDIN,752.42,755.04,-0.35,758.11,750.34,758.11
2008-07-28,905018,INBMC,666.87,670.15,-0.49,674.15,666.87,674.15
2008-07-28,905020,INDMB,1626.68,1623.44,0.2,1645.1,1621.18,1645.1
2008-07-29,905001,TUNINDEX,3025.43,3018.42,0.23,3025.72,3014.3,3016.87
2008-07-29,905002,INDSF,2032.04,2029.5,0.13,2032.59,2026.43,2029.53
2008-07-29,905003,INDBQ,1853.81,1850.9,0.16,1854.13,1848.77,1851.91
2008-07-29,905005,INSFI,3111.92,3117.46,-0.18,3111.92,3103.11,3111.39
2008-07-29,905008,INDSC,2367.52,2376.56,-0.38,2388.11,2355.55,2376.56
2008-07-29,905013,INBCO,1887.32,1868.92,0.98,1888.03,1865.38,1866.89
2008-07-29,905014,INAUE,1625.76,1642.56,-1.02,1646.02,1619.53,1638.01
2008-07-29,905017,INDIN,756.17,752.42,0.5,760.72,750.96,751.53
2008-07-29,905018,INBMC,665.73,666.87,-0.17,671.56,665.01,665.73
2008-07-29,905020,INDMB,1635.32,1626.68,0.53,1635.32,1621.52,1621.52
2008-07-30,905001,TUNINDEX,3029.95,3025.43,0.15,3031.02,3021.33,3026.43
2008-07-30,905002,INDSF,2034.51,2032.04,0.12,2038.06,2027.13,2034.2
2008-07-30,905003,INDBQ,1855.02,1853.81,0.07,1859.63,1848.15,1856.24
2008-07-30,905005,INSFI,3143.19,3111.92,1.0,3150.33,3100.57,3108.28
2008-07-30,905008,INDSC,2342.23,2367.52,-1.07,2363.58,2342.23,2363.58
2008-07-30,905013,INBCO,1898.07,1887.32,0.57,1906.76,1881.16,1887.32
2008-07-30,905014,INAUE,1682.88,1625.76,3.51,1682.88,1625.08,1625.76
2008-07-30,905017,INDIN,751.85,756.17,-0.57,756.16,749.57,751.6
2008-07-30,905018,INBMC,666.68,665.73,0.14,670.42,663.14,664.59
2008-07-30,905020,INDMB,1644.96,1635.32,0.59,1646.01,1632.6,1635.32
2008-07-31,905001,TUNINDEX,3036.87,3029.95,0.23,3037.41,3023.85,3031.96
2008-07-31,905002,INDSF,2034.9,2034.51,0.02,2041.21,2030.93,2034.97
2008-07-31,905003,INDBQ,1853.65,1855.02,-0.07,1860.82,1852.78,1855.53
2008-07-31,905005,INSFI,3199.41,3143.19,1.79,3199.41,3124.71,3142.58
2008-07-31,905008,INDSC,2339.17,2342.23,-0.13,2343.72,2294.36,2342.23
2008-07-31,905013,INBCO,1903.01,1898.07,0.26,1910.56,1887.79,1900.41
2008-07-31,905014,INAUE,1711.1,1682.88,1.68,1715.55,1681.1,1695.34
2008-07-31,905017,INDIN,754.24,751.85,0.32,754.24,748.45,753.23
2008-07-31,905018,INBMC,667.25,666.68,0.09,667.25,659.85,666.68
2008-07-31,905020,INDMB,1663.41,1644.96,1.12,1670.71,1639.76,1644.96
2008-08-01,905001,TUNINDEX,3037.52,3036.87,0.02,3043.55,3024.04,3024.95
2008-08-01,905002,INDSF,2042.13,2034.9,0.36,2045.93,2029.97,2029.97
2008-08-01,905003,INDBQ,1860.66,1853.65,0.38,1864.64,1850.06,1850.06
2008-08-01,905005,INSFI,3228.25,3199.41,0.9,3228.25,3162.76,3163.74
2008-08-01,905008,INDSC,2314.08,2339.17,-1.07,2326.06,2283.51,2303.36
2008-08-01,905013,INBCO,1901.8,1903.01,-0.06,1902.63,1888.78,1890.12
2008-08-01,905014,INAUE,1704.66,1711.1,-0.38,1715.55,1697.75,1704.87
2008-08-01,905017,INDIN,764.65,754.24,1.38,764.65,750.96,756.46
2008-08-01,905018,INBMC,673.12,667.25,0.88,673.12,663.5,670.53
2008-08-01,905020,INDMB,1629.86,1663.41,-2.02,1656.19,1629.86,1656.19
2008-08-04,905001,TUNINDEX,3039.59,3037.52,0.07,3039.59,3025.26,3034.61
2008-08-04,905002,INDSF,2046.25,2042.13,0.2,2046.25,2031.97,2038.67
2008-08-04,905003,INDBQ,1862.84,1860.66,0.12,1864.25,1851.24,1858.48
2008-08-04,905005,INSFI,3268.81,3228.25,1.26,3268.81,3186.96,3195.48
2008-08-04,905008,INDSC,2253.68,2314.08,-2.61,2318.71,2253.68,2318.71
2008-08-04,905013,INBCO,1934.7,1901.8,1.73,1934.7,1889.22,1901.8
2008-08-04,905014,INAUE,1713.35,1704.66,0.51,1715.55,1703.98,1704.66
2008-08-04,905017,INDIN,763.13,764.65,-0.2,770.06,760.64,760.64
2008-08-04,905018,INBMC,675.81,673.12,0.4,684.66,670.66,670.66
2008-08-04,905020,INDMB,1629.86,1629.86,0.0,1629.86,1629.86,1629.86
2008-08-05,905001,TUNINDEX,3035.47,3039.59,-0.14,3035.47,3018.2,3033.67
2008-08-05,905002,INDSF,2045.51,2046.25,-0.04,2047.27,2033.97,2047.27
2008-08-05,905003,INDBQ,1862.1,1862.84,-0.04,1863.87,1849.94,1863.87
2008-08-05,905005,INSFI,3270.91,3268.81,0.06,3306.31,3268.25,3269.89
2008-08-05,905008,INDSC,2242.5,2253.68,-0.5,2254.44,2237.88,2246.77
2008-08-05,905013,INBCO,1928.79,1934.7,-0.31,1936.87,1906.21,1906.75
2008-08-05,905014,INAUE,1720.26,1713.35,0.4,1728.27,1713.35,1714.24
2008-08-05,905017,INDIN,767.53,763.13,0.58,767.53,750.45,756.14
2008-08-05,905018,INBMC,678.89,675.81,0.46,678.89,663.21,663.93
2008-08-05,905020,INDMB,1625.74,1629.86,-0.25,1629.86,1624.7,1629.86
2008-08-06,905001,TUNINDEX,3045.23,3035.47,0.32,3045.23,3032.9,3038.4
2008-08-06,905002,INDSF,2055.42,2045.51,0.48,2055.42,2045.25,2049.13
2008-08-06,905003,INDBQ,1870.9,1862.1,0.47,1871.64,1860.45,1864.93
2008-08-06,905005,INSFI,3279.92,3270.91,0.28,3345.35,3279.92,3293.03
2008-08-06,905008,INDSC,2262.63,2242.5,0.9,2262.63,2224.45,2233.47
2008-08-06,905013,INBCO,1922.09,1928.79,-0.35,1931.73,1919.9,1931.13
2008-08-06,905014,INAUE,1742.11,1720.26,1.27,1742.11,1732.04,1732.72
2008-08-06,905017,INDIN,752.13,767.53,-2.01,766.14,752.13,766.14
2008-08-06,905018,INBMC,663.84,678.89,-2.22,677.11,663.02,677.11
2008-08-06,905020,INDMB,1629.24,1625.74,0.22,1629.24,1620.98,1623.67
2008-08-07,905001,TUNINDEX,3053.12,3045.23,0.26,3053.32,3043.3,3045.26
2008-08-07,905002,INDSF,2061.5,2055.42,0.3,2061.5,2052.88,2055.45
2008-08-07,905003,INDBQ,1875.45,1870.9,0.24,1875.59,1867.45,1870.93
2008-08-07,905005,INSFI,3325.97,3279.92,1.4,3325.97,3279.92,3279.92
2008-08-07,905008,INDSC,2275.35,2262.63,0.56,2284.28,2247.07,2254.44
2008-08-07,905013,INBCO,1926.94,1922.09,0.25,1936.22,1922.93,1923.77
2008-08-07,905014,INAUE,1759.52,1742.11,1.0,1764.67,1744.78,1744.78
2008-08-07,905017,INDIN,747.03,752.13,-0.68,752.97,744.4,752.97
2008-08-07,905018,INBMC,658.21,663.84,-0.85,663.15,654.84,663.15
2008-08-07,905020,INDMB,1628.2,1629.24,-0.06,1628.2,1619.95,1619.95
2008-08-08,905001,TUNINDEX,3075.44,3053.12,0.73,3078.32,3052.93,3057.22
2008-08-08,905002,INDSF,2070.73,2061.5,0.45,2076.3,2057.13,2065.54
2008-08-08,905003,INDBQ,1885.24,1875.45,0.52,1890.97,1871.54,1879.69
2008-08-08,905005,INSFI,3326.83,3325.97,0.03,3341.94,3320.76,3325.97
2008-08-08,905008,INDSC,2307.95,2275.35,1.43,2323.21,2281.23,2284.3
2008-08-08,905013,INBCO,1961.74,1926.94,1.81,1961.74,1926.94,1926.94
2008-08-08,905014,INAUE,1763.91,1759.52,0.25,1763.91,1745.23,1759.52
2008-08-08,905017,INDIN,751.11,747.03,0.55,752.5,745.45,747.03
2008-08-08,905018,INBMC,657.58,658.21,-0.1,661.12,653.88,658.21
2008-08-08,905020,INDMB,1635.23,1628.2,0.43,1635.23,1615.37,1619.95
2008-08-11,905001,TUNINDEX,3139.57,3075.44,2.09,3139.57,3072.05,3072.05
2008-08-11,905002,INDSF,2109.95,2070.73,1.89,2109.95,2067.43,2067.43
2008-08-11,905003,INDBQ,1923.09,1885.24,2.01,1923.09,1882.58,1882.58
2008-08-11,905005,INSFI,3364.31,3326.83,1.13,3364.31,3308.62,3308.62
2008-08-11,905008,INDSC,2365.23,2307.95,2.48,2381.96,2307.95,2307.95
2008-08-11,905013,INBCO,2033.53,1961.74,3.66,2033.53,1964.92,1964.92
2008-08-11,905014,INAUE,1807.27,1763.91,2.46,1812.07,1780.82,1780.82
2008-08-11,905017,INDIN,759.21,751.11,1.08,759.21,747.81,749.19
2008-08-11,905018,INBMC,667.05,657.58,1.44,667.05,655.12,655.12
2008-08-11,905020,INDMB,1639.77,1635.23,0.28,1642.86,1632.76,1635.23
2008-08-12,905001,TUNINDEX,3144.9,3139.57,0.17,3148.35,3138.3,3140.62
2008-08-12,905002,INDSF,2113.21,2109.95,0.15,2117.69,2106.27,2109.98
2008-08-12,905003,INDBQ,1926.68,1923.09,0.19,1928.49,1917.94,1923.09
2008-08-12,905005,INSFI,3438.15,3364.31,2.19,3443.49,3364.95,3364.95
2008-08-12,905008,INDSC,2332.17,2365.23,-1.4,2365.23,2332.17,2365.23
2008-08-12,905013,INBCO,2047.18,2033.53,0.67,2047.18,2031.33,2035.54
2008-08-12,905014,INAUE,1837.57,1807.27,1.68,1837.57,1815.61,1817.95
2008-08-12,905017,INDIN,764.77,759.21,0.73,772.85,758.43,764.31
2008-08-12,905018,INBMC,675.89,667.05,1.33,683.62,667.78,675.34
2008-08-12,905020,INDMB,1642.8,1639.77,0.18,1653.18,1640.8,1640.8
2008-08-14,905001,TUNINDEX,3168.88,3144.9,0.76,3171.23,3147.25,3147.25
2008-08-14,905002,INDSF,2128.06,2113.21,0.7,2131.08,2114.9,2114.9
2008-08-14,905003,INDBQ,1942.22,1926.68,0.81,1943.27,1928.09,1928.09
2008-08-14,905005,INSFI,3547.49,3438.15,3.18,3547.49,3446.5,3446.5
2008-08-14,905008,INDSC,2319.75,2332.17,-0.53,2326.48,2291.52,2326.48
2008-08-14,905013,INBCO,2057.4,2047.18,0.5,2067.07,2020.73,2046.9
2008-08-14,905014,INAUE,1885.09,1837.57,2.59,1885.09,1840.97,1840.97
2008-08-14,905017,INDIN,776.58,764.77,1.54,776.58,765.07,765.07
2008-08-14,905018,INBMC,688.3,675.89,1.84,688.3,674.27,676.27
2008-08-14,905020,INDMB,1682.87,1642.8,2.44,1682.87,1653.12,1653.12
2008-08-15,905001,TUNINDEX,3170.46,3168.88,0.05,3174.86,3158.66,3166.06
2008-08-15,905002,INDSF,2124.69,2128.06,-0.16,2129.6,2116.68,2124.7
2008-08-15,905003,INDBQ,1941.06,1942.22,-0.06,1946.84,1933.27,1937.31
2008-08-15,905005,INSFI,3550.01,3547.49,0.07,3607.02,3520.23,3581.73
2008-08-15,905008,INDSC,2354.93,2319.75,1.52,2363.72,2303.15,2316.77
2008-08-15,905013,INBCO,2051.62,2057.4,-0.28,2068.55,2029.36,2059.8
2008-08-15,905014,INAUE,1842.15,1885.09,-2.28,1903.29,1842.15,1897.85
2008-08-15,905017,INDIN,799.46,776.58,2.95,799.46,780.1,780.1
2008-08-15,905018,INBMC,721.62,688.3,4.84,721.62,696.34,696.34
2008-08-15,905020,INDMB,1685.34,1682.87,0.15,1713.82,1672.55,1713.82
2008-08-18,905001,TUNINDEX,3176.94,3170.46,0.2,3183.91,3168.4,3168.4
2008-08-18,905002,INDSF,2124.39,2124.69,-0.01,2137.95,2122.81,2126.48
2008-08-18,905003,INDBQ,1939.33,1941.06,-0.09,1954.59,1938.95,1944.14
2008-08-18,905005,INSFI,3581.96,3550.01,0.9,3581.96,3518.6,3522.86
2008-08-18,905008,INDSC,2374.95,2354.93,0.85,2374.95,2340.28,2354.5
2008-08-18,905013,INBCO,2043.34,2051.62,-0.4,2052.6,2028.83,2029.16
2008-08-18,905014,INAUE,1865.27,1842.15,1.26,1877.0,1845.54,1847.32
2008-08-18,905017,INDIN,835.73,799.46,4.54,835.73,800.9,800.9
2008-08-18,905018,INBMC,756.62,721.62,4.85,756.62,721.62,721.62
2008-08-18,905020,INDMB,1705.68,1685.34,1.21,1706.71,1674.05,1690.49
2008-08-19,905001,TUNINDEX,3233.44,3176.94,1.78,3233.44,3176.94,3176.94
2008-08-19,905002,INDSF,2173.21,2124.39,2.3,2173.21,2124.39,2124.39
2008-08-19,905003,INDBQ,1987.1,1939.33,2.46,1987.1,1939.33,1939.33
2008-08-19,905005,INSFI,3714.13,3581.96,3.69,3726.7,3581.85,3581.85
2008-08-19,905008,INDSC,2415.74,2374.95,1.72,2418.73,2367.81,2374.95
2008-08-19,905013,INBCO,2061.68,2043.34,0.9,2062.21,2038.8,2038.8
2008-08-19,905014,INAUE,1893.41,1865.27,1.51,1893.41,1864.81,1873.28
2008-08-19,905017,INDIN,859.07,835.73,2.79,859.07,847.82,848.27
2008-08-19,905018,INBMC,780.49,756.62,3.15,780.49,772.08,772.64
2008-08-19,905020,INDMB,1692.19,1705.68,-0.79,1728.32,1687.35,1705.68
2008-08-20,905001,TUNINDEX,3217.81,3233.44,-0.48,3236.75,3210.58,3236.41
2008-08-20,905002,INDSF,2164.21,2173.21,-0.41,2176.36,2158.42,2176.21
2008-08-20,905003,INDBQ,1980.61,1987.1,-0.33,1990.06,1975.08,1989.92
2008-08-20,905005,INSFI,3671.91,3714.13,-1.14,3744.13,3657.64,3721.41
2008-08-20,905008,INDSC,2431.82,2415.74,0.67,2443.34,2405.56,2414.51
2008-08-20,905013,INBCO,2028.83,2061.68,-1.59,2060.65,2026.18,2060.51
2008-08-20,905014,INAUE,1858.43,1893.41,-1.85,1894.56,1843.16,1893.41
2008-08-20,905017,INDIN,879.36,859.07,2.36,885.88,869.45,869.45
2008-08-20,905018,INBMC,808.21,780.49,3.55,814.51,794.66,794.66
2008-08-20,905020,INDMB,1680.34,1692.19,-0.7,1693.23,1667.81,1693.23
2008-08-21,905001,TUNINDEX,3199.48,3217.81,-0.57,3226.08,3191.94,3222.1
2008-08-21,905002,INDSF,2148.89,2164.21,-0.71,2174.43,2143.18,2173.89
2008-08-21,905003,INDBQ,1968.24,1980.61,-0.62,1989.32,1962.0,1989.32
2008-08-21,905005,INSFI,3601.63,3671.91,-1.91,3704.17,3601.63,3689.48
2008-08-21,905008,INDSC,2444.35,2431.82,0.52,2448.56,2419.56,2431.49
2008-08-21,905013,INBCO,2013.03,2028.83,-0.78,2045.5,2003.99,2007.53
2008-08-21,905014,INAUE,1837.46,1858.43,-1.13,1884.75,1837.46,1869.74
2008-08-21,905017,INDIN,887.23,879.36,0.89,892.89,872.3,878.02
2008-08-21,905018,INBMC,824.21,808.21,1.98,826.49,798.3,806.5
2008-08-21,905020,INDMB,1666.96,1680.34,-0.8,1680.34,1666.96,1672.09
2008-08-22,905001,TUNINDEX,3220.5,3199.48,0.66,3220.5,3195.58,3195.58
2008-08-22,905002,INDSF,2165.03,2148.89,0.75,2165.03,2147.26,2147.26
2008-08-22,905003,INDBQ,1985.6,1968.24,0.88,1985.6,1966.29,1966.29
2008-08-22,905005,INSFI,3613.73,3601.63,0.34,3678.08,3602.24,3606.95
2008-08-22,905008,INDSC,2466.66,2444.35,0.91,2479.1,2443.43,2443.43
2008-08-22,905013,INBCO,2025.41,2013.03,0.61,2032.27,2002.49,2005.02
2008-08-22,905014,INAUE,1842.96,1837.46,0.3,1856.0,1837.52,1855.25
2008-08-22,905017,INDIN,896.42,887.23,1.04,896.42,879.73,886.33
2008-08-22,905018,INBMC,841.11,824.21,2.05,841.11,819.76,827.49
2008-08-22,905020,INDMB,1666.96,1666.96,0.0,1668.03,1648.43,1665.93
2008-08-25,905001,TUNINDEX,3219.7,3220.5,-0.02,3221.92,3205.4,3211.95
2008-08-25,905002,INDSF,2168.41,2165.03,0.16,2172.82,2159.67,2166.28
2008-08-25,905003,INDBQ,1990.18,1985.6,0.23,1992.6,1979.48,1985.96
2008-08-25,905005,INSFI,3637.98,3613.73,0.67,3692.23,3620.46,3635.03
2008-08-25,905008,INDSC,2478.67,2466.66,0.49,2478.67,2424.57,2463.67
2008-08-25,905013,INBCO,1995.26,2025.41,-1.49,1995.29,1980.69,1990.26
2008-08-25,905014,INAUE,1865.03,1842.96,1.2,1865.03,1842.96,1842.96
2008-08-25,905017,INDIN,920.9,896.42,2.73,920.9,884.8,895.28
2008-08-25,905018,INBMC,871.26,841.11,3.58,871.26,825.09,839.66
2008-08-25,905020,INDMB,1661.05,1666.96,-0.35,1669.07,1651.48,1651.48
2008-08-26,905001,TUNINDEX,3223.02,3219.7,0.1,3224.78,3212.91,3220.54
2008-08-26,905002,INDSF,2167.49,2168.41,-0.04,2174.44,2161.44,2169.38
2008-08-26,905003,INDBQ,1990.37,1990.18,0.01,1996.33,1985.53,1991.3
2008-08-26,905005,INSFI,3613.19,3637.98,-0.68,3641.92,3605.79,3635.85
2008-08-26,905008,INDSC,2471.05,2478.67,-0.31,2493.19,2471.05,2478.67
2008-08-26,905013,INBCO,2004.98,1995.26,0.49,2004.98,1982.51,1995.6
2008-08-26,905014,INAUE,1856.99,1865.03,-0.43,1868.01,1856.1,1866.86
2008-08-26,905017,INDIN,935.1,920.9,1.54,935.1,917.86,918.83
2008-08-26,905018,INBMC,885.88,871.26,1.68,885.88,863.83,868.61
2008-08-26,905020,INDMB,1681.28,1661.05,1.22,1684.38,1660.02,1661.05
2008-08-27,905001,TUNINDEX,3252.0,3223.02,0.9,3252.0,3230.77,3230.77
2008-08-27,905002,INDSF,2188.81,2167.49,0.98,2189.12,2173.42,2173.42
2008-08-27,905003,INDBQ,2015.55,1990.37,1.27,2015.55,1995.59,1995.59
2008-08-27,905005,INSFI,3620.49,3613.19,0.2,3644.63,3603.77,3635.98
2008-08-27,905008,INDSC,2496.7,2471.05,1.04,2496.7,2457.91,2483.54
2008-08-27,905013,INBCO,2011.71,2004.98,0.34,2012.66,2008.05,2008.16
2008-08-27,905014,INAUE,1883.59,1856.99,1.43,1889.92,1873.9,1873.9
2008-08-27,905017,INDIN,967.62,935.1,3.48,967.62,934.51,935.8
2008-08-27,905018,INBMC,922.59,885.88,4.14,922.59,881.74,885.88
2008-08-27,905020,INDMB,1676.45,1681.28,-0.29,1685.73,1674.38,1681.28
2008-08-28,905001,TUNINDEX,3289.71,3252.0,1.16,3293.25,3249.38,3249.81
2008-08-28,905002,INDSF,2214.79,2188.81,1.19,2224.83,2189.99,2191.61
2008-08-28,905003,INDBQ,2040.4,2015.55,1.23,2053.27,2016.7,2018.39
2008-08-28,905005,INSFI,3591.95,3620.49,-0.79,3624.96,3587.9,3622.62
2008-08-28,905008,INDSC,2559.33,2496.7,2.51,2559.33,2465.2,2465.2
2008-08-28,905013,INBCO,2020.39,2011.71,0.43,2041.71,2001.69,2001.69
2008-08-28,905014,INAUE,1880.49,1883.59,-0.16,1935.67,1879.6,1892.65
2008-08-28,905017,INDIN,1000.26,967.62,3.37,1000.26,971.47,971.47
2008-08-28,905018,INBMC,956.45,922.59,3.67,956.45,927.51,927.51
2008-08-28,905020,INDMB,1673.98,1676.45,-0.15,1682.23,1663.66,1676.45
2008-08-29,905001,TUNINDEX,3324.46,3289.71,1.06,3324.46,3296.09,3304.21
2008-08-29,905002,INDSF,2250.18,2214.79,1.6,2250.18,2223.97,2228.58
2008-08-29,905003,INDBQ,2079.32,2040.4,1.91,2079.32,2049.46,2054.28
2008-08-29,905005,INSFI,3598.18,3591.95,0.17,3607.38,3582.88,3593.6
2008-08-29,905008,INDSC,2579.44,2559.33,0.79,2614.65,2570.37,2597.23
2008-08-29,905013,INBCO,1992.64,2020.39,-1.37,2010.87,1980.46,2002.69
2008-08-29,905014,INAUE,1856.96,1880.49,-1.25,1879.81,1848.95,1879.81
2008-08-29,905017,INDIN,1025.22,1000.26,2.5,1025.22,989.61,999.32
2008-08-29,905018,INBMC,982.08,956.45,2.68,987.0,942.83,955.25
2008-08-29,905020,INDMB,1695.45,1673.98,1.28,1695.45,1670.67,1673.98
2008-09-01,905001,TUNINDEX,3328.42,3324.46,0.12,3347.14,3303.97,3327.82
2008-09-01,905002,INDSF,2244.84,2250.18,-0.24,2264.12,2230.79,2260.09
2008-09-01,905003,INDBQ,2071.74,2079.32,-0.36,2091.99,2057.57,2087.78
2008-09-01,905005,INSFI,3610.37,3598.18,0.34,3660.23,3586.55,3643.61
2008-09-01,905008,INDSC,2675.38,2579.44,3.72,2675.38,2563.37,2627.99
2008-09-01,905013,INBCO,2007.87,1992.64,0.76,2010.25,1967.57,2010.21
2008-09-01,905014,INAUE,1843.12,1856.96,-0.75,1857.17,1841.08,1857.17
2008-09-01,905017,INDIN,987.52,1025.22,-3.68,1027.55,985.46,1022.71
2008-09-01,905018,INBMC,940.16,982.08,-4.27,985.06,935.05,978.86
2008-09-01,905020,INDMB,1695.4,1695.45,0.0,1696.48,1685.13,1696.48
2008-09-02,905001,TUNINDEX,3291.85,3328.42,-1.1,3318.29,3288.15,3318.29
2008-09-02,905002,INDSF,2218.61,2244.84,-1.17,2242.87,2218.35,2242.87
2008-09-02,905003,INDBQ,2050.02,2071.74,-1.05,2070.52,2048.41,2070.52
2008-09-02,905005,INSFI,3546.14,3610.37,-1.78,3590.52,3535.16,3590.52
2008-09-02,905008,INDSC,2614.51,2675.38,-2.28,2671.64,2588.32,2671.64
2008-09-02,905013,INBCO,1992.22,2007.87,-0.78,1997.7,1964.87,1969.2
2008-09-02,905014,INAUE,1791.05,1843.12,-2.83,1847.57,1780.94,1847.57
2008-09-02,905017,INDIN,968.58,987.52,-1.92,990.27,968.58,984.06
2008-09-02,905018,INBMC,922.86,940.16,-1.84,952.37,922.86,943.44
2008-09-02,905020,INDMB,1694.1,1695.4,-0.08,1700.56,1682.75,1700.56
2008-09-03,905001,TUNINDEX,3287.61,3291.85,-0.13,3291.28,3274.15,3288.81
2008-09-03,905002,INDSF,2222.33,2218.61,0.17,2222.69,2211.88,2217.03
2008-09-03,905003,INDBQ,2053.54,2050.02,0.17,2053.54,2043.91,2048.27
2008-09-03,905005,INSFI,3524.79,3546.14,-0.6,3551.0,3518.95,3550.68
2008-09-03,905008,INDSC,2582.69,2614.51,-1.22,2615.92,2576.05,2605.72
2008-09-03,905013,INBCO,1975.41,1992.22,-0.84,1991.64,1957.32,1990.28
2008-09-03,905014,INAUE,1764.02,1791.05,-1.51,1780.75,1747.93,1780.75
2008-09-03,905017,INDIN,945.5,968.58,-2.38,969.62,945.5,968.63
2008-09-03,905018,INBMC,897.77,922.86,-2.72,924.19,897.77,922.92
2008-09-03,905020,INDMB,1704.42,1694.1,0.61,1704.42,1682.75,1694.1
2008-09-04,905001,TUNINDEX,3295.91,3287.61,0.25,3300.68,3275.79,3287.61
2008-09-04,905002,INDSF,2234.05,2222.33,0.53,2242.26,2214.5,2221.7
2008-09-04,905003,INDBQ,2067.71,2053.54,0.69,2076.96,2048.73,2054.67
2008-09-04,905005,INSFI,3512.38,3524.79,-0.35,3512.38,3468.81,3481.7
2008-09-04,905008,INDSC,2575.79,2582.69,-0.27,2577.52,2528.26,2577.52
2008-09-04,905013,INBCO,1981.49,1975.41,0.31,1981.49,1975.41,1975.41
2008-09-04,905014,INAUE,1792.42,1764.02,1.61,1792.42,1765.8,1765.8
2008-09-04,905017,INDIN,927.86,945.5,-1.87,953.13,926.72,947.87
2008-09-04,905018,INBMC,871.0,897.77,-2.98,897.77,869.54,897.77
2008-09-04,905020,INDMB,1697.25,1704.42,-0.42,1707.51,1697.2,1707.51
2008-09-05,905001,TUNINDEX,3330.07,3295.91,1.04,3330.07,3305.62,3305.62
2008-09-05,905002,INDSF,2275.56,2234.05,1.86,2275.56,2241.85,2241.85
2008-09-05,905003,INDBQ,2107.02,2067.71,1.9,2107.02,2075.18,2075.18
2008-09-05,905005,INSFI,3563.89,3512.38,1.47,3567.62,3515.89,3528.71
2008-09-05,905008,INDSC,2572.53,2575.79,-0.13,2594.44,2550.45,2579.99
2008-09-05,905013,INBCO,1973.88,1981.49,-0.38,1988.52,1972.15,1988.52
2008-09-05,905014,INAUE,1791.71,1792.42,-0.04,1829.79,1785.41,1829.79
2008-09-05,905017,INDIN,908.01,927.86,-2.14,935.78,902.7,929.15
2008-09-05,905018,INBMC,843.26,871.0,-3.18,878.46,837.59,872.64
2008-09-05,905020,INDMB,1686.71,1697.25,-0.62,1697.93,1684.65,1697.93
2008-09-08,905001,TUNINDEX,3372.67,3330.07,1.28,3374.11,3336.52,3336.52
2008-09-08,905002,INDSF,2324.4,2275.56,2.15,2324.4,2287.97,2287.97
2008-09-08,905003,INDBQ,2156.64,2107.02,2.35,2156.64,2117.85,2117.85
2008-09-08,905005,INSFI,3585.2,3563.89,0.6,3604.43,3563.87,3584.53
2008-09-08,905008,INDSC,2584.12,2572.53,0.45,2584.12,2546.07,2547.53
2008-09-08,905013,INBCO,1957.43,1973.88,-0.83,1959.44,1951.54,1959.3
2008-09-08,905014,INAUE,1791.45,1791.71,-0.01,1800.25,1785.06,1793.96
2008-09-08,905017,INDIN,888.95,908.01,-2.1,909.44,888.95,908.7
2008-09-08,905018,INBMC,821.54,843.26,-2.58,844.21,821.54,843.26
2008-09-08,905020,INDMB,1678.71,1686.71,-0.47,1691.87,1677.68,1686.71
2008-09-09,905001,TUNINDEX,3418.13,3372.67,1.35,3418.82,3373.51,3374.3
2008-09-09,905002,INDSF,2370.8,2324.4,2.0,2372.61,2325.35,2326.19
2008-09-09,905003,INDBQ,2203.05,2156.64,2.15,2204.65,2157.45,2157.92
2008-09-09,905005,INSFI,3576.99,3585.2,-0.23,3599.21,3565.63,3599.21
2008-09-09,905008,INDSC,2624.28,2584.12,1.55,2627.84,2580.71,2590.16
2008-09-09,905013,INBCO,1951.86,1957.43,-0.28,1959.76,1940.14,1958.61
2008-09-09,905014,INAUE,1763.98,1791.45,-1.53,1796.79,1763.98,1791.45
2008-09-09,905017,INDIN,860.68,888.95,-3.18,888.7,860.68,888.7
2008-09-09,905018,INBMC,786.28,821.54,-4.29,822.11,786.28,822.11
2008-09-09,905020,INDMB,1683.7,1678.71,0.3,1683.96,1669.42,1673.55
2008-09-10,905001,TUNINDEX,3400.13,3418.13,-0.53,3447.03,3395.81,3418.95
2008-09-10,905002,INDSF,2358.81,2370.8,-0.51,2403.68,2357.01,2373.56
2008-09-10,905003,INDBQ,2189.4,2203.05,-0.62,2237.77,2186.1,2205.39
2008-09-10,905005,INSFI,3591.51,3576.99,0.41,3611.14,3566.67,3589.92
2008-09-10,905008,INDSC,2586.17,2624.28,-1.45,2628.43,2558.83,2618.29
2008-09-10,905013,INBCO,1943.71,1951.86,-0.42,1946.05,1935.51,1940.31
2008-09-10,905014,INAUE,1796.39,1763.98,1.84,1796.39,1754.4,1764.87
2008-09-10,905017,INDIN,862.05,860.68,0.16,872.72,847.81,857.22
2008-09-10,905018,INBMC,788.03,786.28,0.22,805.66,774.24,785.08
2008-09-10,905020,INDMB,1683.5,1683.7,-0.01,1699.18,1678.54,1694.02
2008-09-11,905001,TUNINDEX,3397.84,3400.13,-0.07,3402.73,3385.76,3395.57
2008-09-11,905002,INDSF,2359.51,2358.81,0.03,2359.51,2342.78,2355.23
2008-09-11,905003,INDBQ,2188.91,2189.4,-0.02,2188.91,2172.89,2184.47
2008-09-11,905005,INSFI,3605.45,3591.51,0.39,3622.48,3583.56,3620.21
2008-09-11,905008,INDSC,2544.54,2586.17,-1.61,2596.18,2543.08,2588.91
2008-09-11,905013,INBCO,1938.04,1943.71,-0.29,1966.01,1935.88,1936.01
2008-09-11,905014,INAUE,1821.72,1796.39,1.41,1844.28,1805.28,1805.28
2008-09-11,905017,INDIN,866.57,862.05,0.52,879.23,861.91,861.91
2008-09-11,905018,INBMC,790.26,788.03,0.28,807.34,787.84,787.84
2008-09-11,905020,INDMB,1680.37,1683.5,-0.19,1688.62,1675.25,1681.44
2008-09-12,905001,TUNINDEX,3384.68,3397.84,-0.39,3427.2,3384.39,3402.62
2008-09-12,905002,INDSF,2338.99,2359.51,-0.87,2389.17,2336.99,2364.08
2008-09-12,905003,INDBQ,2166.22,2188.91,-1.04,2218.03,2164.8,2192.79
2008-09-12,905005,INSFI,3601.48,3605.45,-0.11,3633.02,3586.62,3609.76
2008-09-12,905008,INDSC,2561.97,2544.54,0.68,2585.0,2516.91,2516.91
2008-09-12,905013,INBCO,1964.43,1938.04,1.36,1967.92,1929.93,1941.39
2008-09-12,905014,INAUE,1857.32,1821.72,1.95,1860.88,1831.51,1839.52
2008-09-12,905017,INDIN,848.08,866.57,-2.13,879.24,848.08,877.5
2008-09-12,905018,INBMC,771.94,790.26,-2.32,807.15,771.94,805.13
2008-09-12,905020,INDMB,1699.37,1680.37,1.13,1705.56,1688.62,1688.62
2008-09-15,905001,TUNINDEX,3353.02,3384.68,-0.94,3388.16,3353.02,3380.16
2008-09-15,905002,INDSF,2305.68,2338.99,-1.42,2343.73,2305.68,2334.38
2008-09-15,905003,INDBQ,2130.64,2166.22,-1.64,2167.23,2130.64,2161.4
2008-09-15,905005,INSFI,3628.48,3601.48,0.75,3709.67,3596.94,3633.81
2008-09-15,905008,INDSC,2587.42,2561.97,0.99,2591.0,2564.05,2591.0
2008-09-15,905013,INBCO,1957.94,1964.43,-0.33,1961.78,1926.98,1929.02
2008-09-15,905014,INAUE,1850.41,1857.32,-0.37,1860.2,1847.06,1855.96
2008-09-15,905017,INDIN,862.72,848.08,1.73,863.82,843.03,848.72
2008-09-15,905018,INBMC,793.05,771.94,2.73,794.05,768.13,775.41
2008-09-15,905020,INDMB,1694.21,1699.37,-0.3,1726.19,1694.21,1705.56
2008-09-16,905001,TUNINDEX,3304.36,3353.02,-1.45,3362.88,3304.36,3362.62
2008-09-16,905002,INDSF,2268.58,2305.68,-1.61,2309.54,2268.58,2309.54
2008-09-16,905003,INDBQ,2096.93,2130.64,-1.58,2134.14,2096.93,2133.99
2008-09-16,905005,INSFI,3511.28,3628.48,-3.23,3636.42,3511.28,3636.42
2008-09-16,905008,INDSC,2572.4,2587.42,-0.58,2620.27,2572.4,2620.27
2008-09-16,905013,INBCO,1926.61,1957.94,-1.6,1958.32,1924.34,1957.81
2008-09-16,905014,INAUE,1815.04,1850.41,-1.91,1849.52,1814.1,1849.52
2008-09-16,905017,INDIN,864.13,862.72,0.16,882.22,864.13,872.98
2008-09-16,905018,INBMC,798.06,793.05,0.63,820.47,798.06,806.16
2008-09-16,905020,INDMB,1680.25,1694.21,-0.82,1703.5,1679.22,1703.5
2008-09-17,905001,TUNINDEX,3346.72,3304.36,1.28,3346.72,3290.61,3301.67
2008-09-17,905002,INDSF,2311.83,2268.58,1.91,2311.83,2263.33,2269.59
2008-09-17,905003,INDBQ,2137.87,2096.93,1.95,2137.87,2092.52,2099.52
2008-09-17,905005,INSFI,3514.64,3511.28,0.1,3514.64,3454.97,3474.26
2008-09-17,905008,INDSC,2566.99,2572.4,-0.21,2576.6,2525.33,2558.17
2008-09-17,905013,INBCO,1926.51,1926.61,-0.01,1927.01,1919.07,1924.1
2008-09-17,905014,INAUE,1810.59,1815.04,-0.25,1814.15,1777.66,1801.69
2008-09-17,905017,INDIN,870.96,864.13,0.79,872.87,850.36,863.44
2008-09-17,905018,INBMC,802.7,798.06,0.58,804.03,779.64,793.69
2008-09-17,905020,INDMB,1681.02,1680.25,0.05,1681.02,1649.3,1670.97
2008-09-18,905001,TUNINDEX,3333.88,3346.72,-0.38,3352.94,3323.1,3352.15
2008-09-18,905002,INDSF,2303.6,2311.83,-0.36,2317.25,2292.84,2316.44
2008-09-18,905003,INDBQ,2131.68,2137.87,-0.29,2143.55,2121.19,2142.71
2008-09-18,905005,INSFI,3457.12,3514.64,-1.64,3519.01,3455.48,3514.18
2008-09-18,905008,INDSC,2566.56,2566.99,-0.02,2581.04,2551.67,2581.04
2008-09-18,905013,INBCO,1927.61,1926.51,0.06,1928.39,1918.45,1926.0
2008-09-18,905014,INAUE,1792.11,1810.59,-1.02,1801.69,1779.81,1801.69
2008-09-18,905017,INDIN,856.89,870.96,-1.62,872.79,856.89,867.79
2008-09-18,905018,INBMC,784.98,802.7,-2.21,803.71,784.98,800.43
2008-09-18,905020,INDMB,1657.72,1681.02,-1.39,1682.59,1657.72,1679.99
2008-09-19,905001,TUNINDEX,3340.79,3333.88,0.21,3348.96,3324.5,3339.07
2008-09-19,905002,INDSF,2307.07,2303.6,0.15,2317.25,2291.49,2307.06
2008-09-19,905003,INDBQ,2128.8,2131.68,-0.14,2141.8,2115.23,2134.66
2008-09-19,905005,INSFI,3542.43,3457.12,2.47,3542.43,3468.73,3472.64
2008-09-19,905008,INDSC,2564.78,2566.56,-0.07,2564.78,2536.41,2559.8
2008-09-19,905013,INBCO,1929.5,1927.61,0.1,1931.86,1927.48,1929.15
2008-09-19,905014,INAUE,1803.14,1792.11,0.62,1814.73,1791.43,1800.33
2008-09-19,905017,INDIN,859.37,856.89,0.29,875.43,856.89,856.89
2008-09-19,905018,INBMC,786.37,784.98,0.18,809.57,786.37,793.72
2008-09-19,905020,INDMB,1669.07,1657.72,0.68,1675.26,1667.01,1675.26
2008-09-22,905001,TUNINDEX,3355.92,3340.79,0.45,3359.43,3338.34,3338.34
2008-09-22,905002,INDSF,2313.07,2307.07,0.26,2316.66,2301.28,2303.24
2008-09-22,905003,INDBQ,2128.28,2128.8,-0.02,2135.5,2120.85,2124.59
2008-09-22,905005,INSFI,3534.83,3542.43,-0.21,3570.28,3534.18,3546.97
2008-09-22,905008,INDSC,2614.55,2564.78,1.94,2630.97,2564.78,2564.78
2008-09-22,905013,INBCO,1941.63,1929.5,0.63,1944.3,1924.7,1924.74
2008-09-22,905014,INAUE,1799.46,1803.14,-0.2,1839.16,1799.46,1801.78
2008-09-22,905017,INDIN,875.9,859.37,1.92,877.1,859.37,859.37
2008-09-22,905018,INBMC,809.72,786.37,2.97,810.64,793.99,794.81
2008-09-22,905020,INDMB,1670.64,1669.07,0.09,1684.55,1667.55,1684.55
2008-09-23,905001,TUNINDEX,3346.21,3355.92,-0.29,3373.21,3346.21,3373.21
2008-09-23,905002,INDSF,2310.31,2313.07,-0.12,2329.59,2310.31,2329.59
2008-09-23,905003,INDBQ,2122.1,2128.28,-0.29,2143.34,2122.1,2143.34
2008-09-23,905005,INSFI,3495.38,3534.83,-1.12,3540.65,3495.38,3534.83
2008-09-23,905008,INDSC,2575.03,2614.55,-1.51,2630.97,2575.03,2630.97
2008-09-23,905013,INBCO,1934.25,1941.63,-0.38,1944.97,1930.53,1941.63
2008-09-23,905014,INAUE,1815.32,1799.46,0.88,1817.26,1799.46,1799.46
2008-09-23,905017,INDIN,876.72,875.9,0.09,884.02,867.61,875.02
2008-09-23,905018,INBMC,812.64,809.72,0.36,823.03,800.98,808.6
2008-09-23,905020,INDMB,1665.06,1670.64,-0.33,1668.58,1647.95,1668.58
2008-09-24,905001,TUNINDEX,3355.56,3346.21,0.28,3359.49,3346.39,3351.75
2008-09-24,905002,INDSF,2324.15,2310.31,0.6,2327.54,2314.3,2314.3
2008-09-24,905003,INDBQ,2134.01,2122.1,0.56,2137.34,2126.27,2126.27
2008-09-24,905005,INSFI,3470.9,3495.38,-0.7,3505.36,3463.56,3499.69
2008-09-24,905008,INDSC,2575.34,2575.03,0.01,2593.02,2572.86,2591.45
2008-09-24,905013,INBCO,1915.83,1934.25,-0.95,1934.28,1914.53,1932.91
2008-09-24,905014,INAUE,1779.69,1815.32,-1.96,1815.48,1772.76,1808.2
2008-09-24,905017,INDIN,880.01,876.72,0.38,882.26,872.53,879.0
2008-09-24,905018,INBMC,814.27,812.64,0.2,815.55,804.71,815.55
2008-09-24,905020,INDMB,1662.45,1665.06,-0.16,1667.63,1657.29,1665.06
2008-09-25,905001,TUNINDEX,3367.86,3355.56,0.37,3369.27,3356.07,3363.32
2008-09-25,905002,INDSF,2337.49,2324.15,0.57,2340.65,2326.01,2334.42
2008-09-25,905003,INDBQ,2148.07,2134.01,0.66,2151.44,2136.8,2145.17
2008-09-25,905005,INSFI,3479.72,3470.9,0.25,3513.76,3460.65,3460.65
2008-09-25,905008,INDSC,2582.8,2575.34,0.29,2596.3,2550.13,2550.13
2008-09-25,905013,INBCO,1917.62,1915.83,0.09,1929.88,1909.59,1915.28
2008-09-25,905014,INAUE,1801.33,1779.69,1.22,1814.19,1779.69,1779.69
2008-09-25,905017,INDIN,876.13,880.01,-0.44,880.01,867.03,880.01
2008-09-25,905018,INBMC,806.91,814.27,-0.9,814.27,799.7,814.27
2008-09-25,905020,INDMB,1652.13,1662.45,-0.62,1666.58,1652.13,1666.58
2008-09-26,905001,TUNINDEX,3371.48,3367.86,0.11,3376.57,3348.06,3373.59
2008-09-26,905002,INDSF,2339.78,2337.49,0.1,2344.34,2316.49,2342.15
2008-09-26,905003,INDBQ,2150.58,2148.07,0.12,2154.01,2127.69,2151.09
2008-09-26,905005,INSFI,3494.05,3479.72,0.41,3518.64,3471.6,3517.31
2008-09-26,905008,INDSC,2575.43,2582.8,-0.29,2597.4,2569.12,2571.57
2008-09-26,905013,INBCO,1917.65,1917.62,0.0,1920.97,1911.97,1917.62
2008-09-26,905014,INAUE,1810.04,1801.33,0.48,1819.12,1801.54,1819.12
2008-09-26,905017,INDIN,893.08,876.13,1.93,893.08,870.97,873.25
2008-09-26,905018,INBMC,828.58,806.91,2.69,828.58,804.22,807.13
2008-09-26,905020,INDMB,1661.87,1652.13,0.59,1662.45,1654.2,1662.45
2008-09-29,905001,TUNINDEX,3362.0,3371.48,-0.28,3366.48,3359.27,3364.78
2008-09-29,905002,INDSF,2331.17,2339.78,-0.37,2338.12,2329.64,2336.29
2008-09-29,905003,INDBQ,2141.9,2150.58,-0.4,2149.96,2141.49,2147.31
2008-09-29,905005,INSFI,3477.73,3494.05,-0.47,3495.58,3468.02,3485.11
2008-09-29,905008,INDSC,2582.35,2575.43,0.27,2582.35,2544.2,2556.79
2008-09-29,905013,INBCO,1908.04,1917.65,-0.5,1919.87,1908.04,1910.62
2008-09-29,905014,INAUE,1808.78,1810.04,-0.07,1814.4,1800.46,1809.36
2008-09-29,905017,INDIN,889.88,893.08,-0.36,893.19,884.99,891.29
2008-09-29,905018,INBMC,827.6,828.58,-0.12,831.29,824.01,829.4
2008-09-29,905020,INDMB,1661.21,1661.87,-0.04,1663.93,1661.21,1663.93
2008-10-03,905001,TUNINDEX,3279.97,3362.0,-2.44,3344.88,3279.97,3344.88
2008-10-03,905002,INDSF,2268.37,2331.17,-2.69,2317.44,2267.4,2317.44
2008-10-03,905003,INDBQ,2086.08,2141.9,-2.61,2127.61,2083.37,2127.61
2008-10-03,905005,INSFI,3348.0,3477.73,-3.73,3476.4,3348.0,3476.4
2008-10-03,905008,INDSC,2532.47,2582.35,-1.93,2582.37,2531.09,2582.37
2008-10-03,905013,INBCO,1883.19,1908.04,-1.3,1906.44,1864.71,1902.38
2008-10-03,905014,INAUE,1749.83,1808.78,-3.26,1800.25,1749.83,1778.68
2008-10-03,905017,INDIN,869.35,889.88,-2.31,883.17,868.13,883.17
2008-10-03,905018,INBMC,802.15,827.6,-3.08,823.45,802.15,823.45
2008-10-03,905020,INDMB,1623.38,1661.21,-2.28,1651.93,1623.38,1649.86
2008-10-06,905001,TUNINDEX,3119.89,3279.97,-4.88,3253.3,3119.89,3249.31
2008-10-06,905002,INDSF,2148.38,2268.37,-5.29,2248.48,2148.38,2244.41
2008-10-06,905003,INDBQ,1975.16,2086.08,-5.32,2068.06,1975.16,2063.81
2008-10-06,905005,INSFI,3157.22,3348.0,-5.7,3321.15,3157.22,3321.15
2008-10-06,905008,INDSC,2386.16,2532.47,-5.78,2528.82,2386.16,2528.82
2008-10-06,905013,INBCO,1826.08,1883.19,-3.03,1859.43,1776.23,1859.43
2008-10-06,905014,INAUE,1658.37,1749.83,-5.23,1714.23,1658.37,1714.23
2008-10-06,905017,INDIN,829.1,869.35,-4.63,868.95,829.1,868.95
2008-10-06,905018,INBMC,756.51,802.15,-5.69,802.53,756.51,802.53
2008-10-06,905020,INDMB,1578.57,1623.38,-2.76,1617.77,1578.57,1617.77
2008-10-07,905001,TUNINDEX,3213.21,3119.89,2.99,3213.21,3047.89,3118.06
2008-10-07,905002,INDSF,2207.57,2148.38,2.76,2207.57,2103.47,2146.32
2008-10-07,905003,INDBQ,2030.94,1975.16,2.82,2030.94,1932.18,1973.03
2008-10-07,905005,INSFI,3328.14,3157.22,5.41,3328.14,3067.16,3156.5
2008-10-07,905008,INDSC,2493.38,2386.16,4.49,2504.18,2329.61,2383.61
2008-10-07,905013,INBCO,1903.65,1826.08,4.25,1903.65,1761.49,1761.49
2008-10-07,905014,INAUE,1728.26,1658.37,4.21,1728.26,1606.76,1650.21
2008-10-07,905017,INDIN,863.38,829.1,4.13,865.46,747.4,828.06
2008-10-07,905018,INBMC,795.92,756.51,5.21,795.96,656.02,755.18
2008-10-07,905020,INDMB,1578.15,1578.57,-0.03,1578.15,1514.19,1551.75
2008-10-08,905001,TUNINDEX,3105.55,3213.21,-3.35,3187.81,3099.95,3187.81
2008-10-08,905002,INDSF,2138.58,2207.57,-3.13,2191.15,2133.05,2191.15
2008-10-08,905003,INDBQ,1970.69,2030.94,-2.97,2017.97,1965.24,2017.97
2008-10-08,905005,INSFI,3192.54,3328.14,-4.07,3318.15,3175.75,3318.15
2008-10-08,905008,INDSC,2401.23,2493.38,-3.7,2477.02,2395.21,2477.02
2008-10-08,905013,INBCO,1807.59,1903.65,-5.05,1874.14,1802.7,1874.14
2008-10-08,905014,INAUE,1662.66,1728.26,-3.8,1689.74,1662.66,1689.74
2008-10-08,905017,INDIN,836.97,863.38,-3.06,866.6,830.59,857.48
2008-10-08,905018,INBMC,764.15,795.92,-3.99,800.03,759.57,788.38
2008-10-08,905020,INDMB,1541.61,1578.15,-2.32,1572.95,1541.61,1572.95
2008-10-09,905001,TUNINDEX,3112.26,3105.55,0.22,3112.26,3054.35,3099.87
2008-10-09,905002,INDSF,2139.85,2138.58,0.06,2139.85,2095.08,2136.7
2008-10-09,905003,INDBQ,1969.7,1970.69,-0.05,1969.7,1928.76,1969.42
2008-10-09,905005,INSFI,3224.5,3192.54,1.0,3224.5,3131.61,3175.75
2008-10-09,905008,INDSC,2414.18,2401.23,0.54,2416.91,2374.84,2400.87
2008-10-09,905013,INBCO,1821.31,1807.59,0.76,1831.97,1783.07,1789.65
2008-10-09,905014,INAUE,1675.23,1662.66,0.76,1675.23,1627.69,1627.69
2008-10-09,905017,INDIN,834.78,836.97,-0.26,834.78,817.16,826.67
2008-10-09,905018,INBMC,765.12,764.15,0.13,765.33,747.89,755.4
2008-10-09,905020,INDMB,1552.81,1541.61,0.73,1552.81,1523.04,1523.04
2008-10-10,905001,TUNINDEX,3065.84,3112.26,-1.49,3108.55,3060.52,3108.55
2008-10-10,905002,INDSF,2107.93,2139.85,-1.49,2136.06,2104.37,2136.06
2008-10-10,905003,INDBQ,1942.68,1969.7,-1.37,1965.73,1938.2,1965.73
2008-10-10,905005,INSFI,3152.23,3224.5,-2.24,3224.73,3143.61,3224.73
2008-10-10,905008,INDSC,2356.9,2414.18,-2.37,2414.18,2356.53,2414.18
2008-10-10,905013,INBCO,1800.53,1821.31,-1.14,1813.34,1791.63,1813.27
2008-10-10,905014,INAUE,1631.55,1675.23,-2.61,1663.66,1628.15,1663.66
2008-10-10,905017,INDIN,821.92,834.78,-1.54,836.5,812.7,836.5
2008-10-10,905018,INBMC,743.79,765.12,-2.79,767.31,740.51,767.31
2008-10-10,905020,INDMB,1543.25,1552.81,-0.62,1548.69,1528.28,1548.69
2008-10-13,905001,TUNINDEX,3103.94,3065.84,1.24,3107.93,3073.26,3073.26
2008-10-13,905002,INDSF,2135.4,2107.93,1.3,2135.64,2114.69,2114.69
2008-10-13,905003,INDBQ,1969.6,1942.68,1.39,1969.6,1949.74,1949.74
2008-10-13,905005,INSFI,3221.58,3152.23,2.2,3229.61,3148.83,3152.23
2008-10-13,905008,INDSC,2407.76,2356.9,2.16,2407.76,2359.65,2361.1
2008-10-13,905013,INBCO,1803.53,1800.53,0.17,1839.65,1802.24,1802.24
2008-10-13,905014,INAUE,1641.08,1631.55,0.58,1661.64,1628.15,1628.15
2008-10-13,905017,INDIN,837.51,821.92,1.9,837.74,821.92,821.92
2008-10-13,905018,INBMC,761.56,743.79,2.39,768.08,743.79,743.79
2008-10-13,905020,INDMB,1556.27,1543.25,0.84,1556.27,1538.09,1543.25
2008-10-14,905001,TUNINDEX,3189.44,3103.94,2.75,3191.43,3120.98,3120.98
2008-10-14,905002,INDSF,2199.84,2135.4,3.02,2200.37,2145.23,2145.23
2008-10-14,905003,INDBQ,2035.18,1969.6,3.33,2035.18,1978.45,1978.45
2008-10-14,905005,INSFI,3321.89,3221.58,3.11,3327.87,3221.58,3221.58
2008-10-14,905008,INDSC,2478.79,2407.76,2.95,2482.92,2425.49,2425.49
2008-10-14,905013,INBCO,1839.23,1803.53,1.98,1868.56,1821.74,1822.1
2008-10-14,905014,INAUE,1704.33,1641.08,3.85,1704.33,1659.62,1674.0
2008-10-14,905017,INDIN,857.13,837.51,2.34,863.97,839.44,839.44
2008-10-14,905018,INBMC,787.04,761.56,3.35,795.78,764.02,764.02
2008-10-14,905020,INDMB,1574.7,1556.27,1.18,1574.7,1556.14,1561.43
2008-10-15,905001,TUNINDEX,3176.51,3189.44,-0.41,3197.73,3174.4,3191.56
2008-10-15,905002,INDSF,2192.76,2199.84,-0.32,2207.33,2191.02,2203.21
2008-10-15,905003,INDBQ,2027.51,2035.18,-0.38,2042.62,2025.84,2038.32
2008-10-15,905005,INSFI,3264.86,3321.89,-1.72,3331.14,3259.2,3331.14
2008-10-15,905008,INDSC,2436.43,2478.79,-1.71,2497.62,2431.39,2481.2
2008-10-15,905013,INBCO,1822.11,1839.23,-0.93,1829.85,1821.56,1828.18
2008-10-15,905014,INAUE,1665.1,1704.33,-2.3,1707.89,1662.19,1707.89
2008-10-15,905017,INDIN,846.74,857.13,-1.21,862.4,843.47,857.13
2008-10-15,905018,INBMC,767.55,787.04,-2.48,793.78,767.55,787.04
2008-10-15,905020,INDMB,1608.82,1574.7,2.17,1613.1,1581.92,1581.92
2008-10-16,905001,TUNINDEX,3122.36,3176.51,-1.7,3166.41,3100.55,3166.41
2008-10-16,905002,INDSF,2155.89,2192.76,-1.68,2183.37,2137.37,2183.37
2008-10-16,905003,INDBQ,1994.82,2027.51,-1.61,2017.8,1977.7,2017.8
2008-10-16,905005,INSFI,3159.07,3264.86,-3.24,3262.31,3122.4,3262.31
2008-10-16,905008,INDSC,2371.16,2436.43,-2.68,2423.21,2367.95,2423.21
2008-10-16,905013,INBCO,1797.56,1822.11,-1.35,1810.01,1777.82,1810.01
2008-10-16,905014,INAUE,1609.34,1665.1,-3.35,1663.07,1607.25,1663.07
2008-10-16,905017,INDIN,842.4,846.74,-0.51,845.16,820.8,837.63
2008-10-16,905018,INBMC,766.43,767.55,-0.15,766.43,737.04,755.89
2008-10-16,905020,INDMB,1590.5,1608.82,-1.14,1596.69,1578.12,1596.69
2008-10-17,905001,TUNINDEX,3106.32,3122.36,-0.51,3136.24,3093.5,3133.64
2008-10-17,905002,INDSF,2140.62,2155.89,-0.71,2165.14,2128.65,2162.75
2008-10-17,905003,INDBQ,1978.94,1994.82,-0.8,2005.01,1967.34,2002.46
2008-10-17,905005,INSFI,3127.52,3159.07,-1.0,3176.48,3117.82,3164.74
2008-10-17,905008,INDSC,2366.08,2371.16,-0.21,2400.72,2366.08,2400.72
2008-10-17,905013,INBCO,1785.26,1797.56,-0.68,1796.79,1783.12,1796.79
2008-10-17,905014,INAUE,1598.04,1609.34,-0.7,1643.97,1588.62,1605.26
2008-10-17,905017,INDIN,835.38,842.4,-0.83,844.89,831.71,844.89
2008-10-17,905018,INBMC,755.92,766.43,-1.37,769.61,755.92,769.61
2008-10-17,905020,INDMB,1606.01,1590.5,0.98,1611.16,1593.6,1593.6
2008-10-20,905001,TUNINDEX,3073.25,3106.32,-1.06,3110.77,3069.14,3106.43
2008-10-20,905002,INDSF,2119.5,2140.62,-0.99,2140.67,2114.6,2140.65
2008-10-20,905003,INDBQ,1958.1,1978.94,-1.05,1979.25,1954.07,1978.98
2008-10-20,905005,INSFI,3049.57,3127.52,-2.49,3113.45,3049.57,3110.05
2008-10-20,905008,INDSC,2345.01,2366.08,-0.89,2399.48,2331.85,2360.6
2008-10-20,905013,INBCO,1756.07,1785.26,-1.64,1790.28,1756.07,1785.26
2008-10-20,905014,INAUE,1542.54,1598.04,-3.47,1624.74,1542.54,1598.04
2008-10-20,905017,INDIN,817.99,835.38,-2.08,840.67,817.99,835.68
2008-10-20,905018,INBMC,738.42,755.92,-2.32,763.88,738.42,756.3
2008-10-20,905020,INDMB,1596.39,1606.01,-0.6,1610.13,1595.36,1610.13
2008-10-21,905001,TUNINDEX,3060.56,3073.25,-0.41,3071.21,3054.43,3066.14
2008-10-21,905002,INDSF,2113.69,2119.5,-0.27,2118.61,2102.39,2112.25
2008-10-21,905003,INDBQ,1951.5,1958.1,-0.34,1954.19,1942.7,1950.48
2008-10-21,905005,INSFI,3090.63,3049.57,1.35,3107.47,3032.55,3050.7
2008-10-21,905008,INDSC,2351.17,2345.01,0.26,2364.62,2332.41,2364.62
2008-10-21,905013,INBCO,1729.55,1756.07,-1.51,1756.24,1717.45,1750.21
2008-10-21,905014,INAUE,1557.27,1542.54,0.95,1559.5,1511.39,1511.39
2008-10-21,905017,INDIN,824.87,817.99,0.84,827.55,814.48,825.97
2008-10-21,905018,INBMC,748.72,738.42,1.39,751.21,735.43,748.62
2008-10-21,905020,INDMB,1572.14,1596.39,-1.52,1596.39,1569.04,1596.39
2008-10-22,905001,TUNINDEX,3044.78,3060.56,-0.52,3057.59,3044.78,3057.59
2008-10-22,905002,INDSF,2105.97,2113.69,-0.37,2111.28,2105.38,2110.94
2008-10-22,905003,INDBQ,1945.79,1951.5,-0.29,1949.88,1943.32,1948.63
2008-10-22,905005,INSFI,3034.27,3090.63,-1.82,3081.78,3034.27,3081.78
2008-10-22,905008,INDSC,2353.73,2351.17,0.11,2364.31,2337.89,2358.32
2008-10-22,905013,INBCO,1707.47,1729.55,-1.28,1728.55,1707.47,1728.55
2008-10-22,905014,INAUE,1530.59,1557.27,-1.71,1555.7,1521.67,1551.93
2008-10-22,905017,INDIN,814.83,824.87,-1.22,824.87,808.0,824.87
2008-10-22,905018,INBMC,739.43,748.72,-1.24,748.72,730.68,748.72
2008-10-22,905020,INDMB,1555.08,1572.14,-1.09,1568.5,1549.93,1568.5
2008-10-23,905001,TUNINDEX,2970.32,3044.78,-2.45,3033.78,2963.37,3033.78
2008-10-23,905002,INDSF,2060.5,2105.97,-2.16,2098.9,2052.47,2098.9
2008-10-23,905003,INDBQ,1905.63,1945.79,-2.06,1938.55,1898.51,1938.55
2008-10-23,905005,INSFI,2888.81,3034.27,-4.79,3030.67,2884.37,3030.67
2008-10-23,905008,INDSC,2286.8,2353.73,-2.84,2359.57,2279.5,2359.57
2008-10-23,905013,INBCO,1653.24,1707.47,-3.18,1695.59,1650.64,1695.59
2008-10-23,905014,INAUE,1466.89,1530.59,-4.16,1498.97,1464.85,1498.97
2008-10-23,905017,INDIN,790.79,814.83,-2.95,815.32,789.65,812.55
2008-10-23,905018,INBMC,712.04,739.43,-3.7,736.51,710.58,736.51
2008-10-23,905020,INDMB,1511.16,1555.08,-2.82,1546.83,1511.16,1546.83
2008-10-24,905001,TUNINDEX,2982.04,2970.32,0.39,2982.04,2879.46,2969.71
2008-10-24,905002,INDSF,2073.61,2060.5,0.64,2073.61,2003.54,2060.23
2008-10-24,905003,INDBQ,1921.11,1905.63,0.81,1921.56,1851.1,1905.63
2008-10-24,905005,INSFI,2882.63,2888.81,-0.21,2882.63,2771.85,2882.0
2008-10-24,905008,INDSC,2304.09,2286.8,0.76,2304.09,2213.29,2285.34
2008-10-24,905013,INBCO,1629.62,1653.24,-1.43,1629.97,1584.0,1628.8
2008-10-24,905014,INAUE,1469.81,1466.89,0.2,1469.81,1415.33,1463.49
2008-10-24,905017,INDIN,808.54,790.79,2.24,808.54,761.86,780.84
2008-10-24,905018,INBMC,729.43,712.04,2.44,729.43,682.13,700.2
2008-10-24,905020,INDMB,1520.38,1511.16,0.61,1520.38,1453.43,1497.75
2008-10-27,905001,TUNINDEX,3015.28,2982.04,1.11,3033.02,2987.14,2988.03
2008-10-27,905002,INDSF,2105.58,2073.61,1.54,2116.5,2080.54,2080.97
2008-10-27,905003,INDBQ,1951.18,1921.11,1.57,1961.99,1927.07,1927.07
2008-10-27,905005,INSFI,2924.46,2882.63,1.45,2951.58,2892.36,2928.57
2008-10-27,905008,INDSC,2321.73,2304.09,0.77,2333.11,2304.09,2317.22
2008-10-27,905013,INBCO,1640.41,1629.62,0.66,1673.51,1629.62,1629.62
2008-10-27,905014,INAUE,1469.35,1469.81,-0.03,1497.61,1447.57,1469.81
2008-10-27,905017,INDIN,789.74,808.54,-2.33,806.99,786.97,806.47
2008-10-27,905018,INBMC,708.04,729.43,-2.93,729.43,708.04,729.43
2008-10-27,905020,INDMB,1526.04,1520.38,0.37,1528.11,1500.61,1500.61
2008-10-28,905001,TUNINDEX,3016.98,3015.28,0.06,3025.15,3005.12,3016.12
2008-10-28,905002,INDSF,2110.13,2105.58,0.22,2116.84,2097.12,2106.43
2008-10-28,905003,INDBQ,1956.71,1951.18,0.28,1962.6,1942.17,1952.0
2008-10-28,905005,INSFI,2904.03,2924.46,-0.7,2946.02,2902.44,2930.93
2008-10-28,905008,INDSC,2300.73,2321.73,-0.9,2313.56,2297.14,2313.56
2008-10-28,905013,INBCO,1658.29,1640.41,1.09,1675.39,1639.57,1640.41
2008-10-28,905014,INAUE,1468.45,1469.35,-0.06,1480.92,1464.9,1469.35
2008-10-28,905017,INDIN,771.27,789.74,-2.34,786.97,768.16,786.97
2008-10-28,905018,INBMC,690.87,708.04,-2.43,699.3,686.9,697.84
2008-10-28,905020,INDMB,1512.63,1526.04,-0.88,1520.88,1504.38,1520.88
2008-10-29,905001,TUNINDEX,3044.85,3016.98,0.92,3044.85,3019.9,3019.9
2008-10-29,905002,INDSF,2131.0,2110.13,0.99,2131.0,2110.86,2110.86
2008-10-29,905003,INDBQ,1975.85,1956.71,0.98,1975.85,1957.47,1957.47
2008-10-29,905005,INSFI,2968.03,2904.03,2.2,3007.54,2904.03,2904.03
2008-10-29,905008,INDSC,2325.93,2300.73,1.1,2330.29,2302.99,2330.29
2008-10-29,905013,INBCO,1667.71,1658.29,0.57,1685.23,1652.17,1652.43
2008-10-29,905014,INAUE,1527.49,1468.45,4.02,1528.38,1467.09,1467.09
2008-10-29,905017,INDIN,767.36,771.27,-0.51,778.5,763.94,773.55
2008-10-29,905018,INBMC,689.41,690.87,-0.21,701.89,684.18,693.78
2008-10-29,905020,INDMB,1526.04,1512.63,0.89,1528.11,1514.69,1514.69
2008-10-30,905001,TUNINDEX,3066.38,3044.85,0.71,3075.83,3059.23,3059.58
2008-10-30,905002,INDSF,2141.82,2131.0,0.51,2151.7,2141.55,2143.73
2008-10-30,905003,INDBQ,1987.43,1975.85,0.59,1995.94,1987.43,1987.9
2008-10-30,905005,INSFI,2998.23,2968.03,1.02,3025.03,2979.0,2997.98
2008-10-30,905008,INDSC,2365.37,2325.93,1.7,2368.85,2327.31,2330.41
2008-10-30,905013,INBCO,1672.91,1667.71,0.31,1692.82,1669.38,1669.55
2008-10-30,905014,INAUE,1555.14,1527.49,1.81,1567.54,1536.39,1537.28
2008-10-30,905017,INDIN,789.55,767.36,2.89,789.55,768.5,771.47
2008-10-30,905018,INBMC,714.25,689.41,3.6,714.25,690.87,693.78
2008-10-30,905020,INDMB,1541.55,1526.04,1.02,1543.58,1529.14,1529.14
2008-10-31,905001,TUNINDEX,3051.48,3066.38,-0.49,3076.72,3051.48,3066.19
2008-10-31,905002,INDSF,2130.54,2141.82,-0.53,2146.3,2127.56,2140.03
2008-10-31,905003,INDBQ,1977.23,1987.43,-0.51,1991.06,1973.48,1985.34
2008-10-31,905005,INSFI,2968.72,2998.23,-0.98,3015.25,2968.72,3003.9
2008-10-31,905008,INDSC,2355.18,2365.37,-0.43,2369.33,2332.85,2368.66
2008-10-31,905013,INBCO,1675.67,1672.91,0.16,1697.51,1674.08,1674.25
2008-10-31,905014,INAUE,1568.65,1555.14,0.87,1577.39,1557.81,1562.26
2008-10-31,905017,INDIN,785.13,789.55,-0.56,798.07,781.39,789.55
2008-10-31,905018,INBMC,710.36,714.25,-0.54,725.15,705.59,713.49
2008-10-31,905020,INDMB,1526.12,1541.55,-1.0,1546.7,1525.09,1545.67
2008-11-03,905001,TUNINDEX,3043.14,3051.48,-0.27,3047.98,3036.97,3043.74
2008-11-03,905002,INDSF,2122.6,2130.54,-0.37,2129.8,2121.14,2126.44
2008-11-03,905003,INDBQ,1969.0,1977.23,-0.42,1976.31,1967.08,1972.79
2008-11-03,905005,INSFI,2967.79,2968.72,-0.03,2977.23,2956.52,2972.81
2008-11-03,905008,INDSC,2376.6,2355.18,0.91,2376.6,2325.62,2325.62
2008-11-03,905013,INBCO,1670.27,1675.67,-0.32,1672.05,1667.59,1671.32
2008-11-03,905014,INAUE,1571.09,1568.65,0.16,1576.66,1556.86,1576.66
2008-11-03,905017,INDIN,778.57,785.13,-0.84,793.46,775.23,783.2
2008-11-03,905018,INBMC,701.09,710.36,-1.3,721.02,697.7,707.9
2008-11-03,905020,INDMB,1519.51,1526.12,-0.43,1543.66,1519.51,1526.12
2008-11-04,905001,TUNINDEX,3049.09,3043.14,0.2,3049.78,3032.71,3047.34
2008-11-04,905002,INDSF,2130.13,2122.6,0.35,2130.13,2113.34,2126.86
2008-11-04,905003,INDBQ,1977.77,1969.0,0.45,1977.77,1960.58,1973.43
2008-11-04,905005,INSFI,2982.18,2967.79,0.48,2988.89,2970.62,2980.72
2008-11-04,905008,INDSC,2372.8,2376.6,-0.16,2384.76,2346.53,2378.29
2008-11-04,905013,INBCO,1672.14,1670.27,0.11,1673.79,1668.77,1670.27
2008-11-04,905014,INAUE,1581.01,1571.09,0.63,1589.78,1563.09,1571.09
2008-11-04,905017,INDIN,794.6,778.57,2.06,795.74,778.85,786.51
2008-11-04,905018,INBMC,718.93,701.09,2.54,720.39,701.45,711.25
2008-11-04,905020,INDMB,1500.12,1519.51,-1.28,1519.93,1499.09,1519.93
2008-11-05,905001,TUNINDEX,3065.56,3049.09,0.54,3072.73,3047.76,3048.94
2008-11-05,905002,INDSF,2139.16,2130.13,0.42,2142.19,2128.17,2128.92
2008-11-05,905003,INDBQ,1987.8,1977.77,0.51,1990.44,1976.34,1977.31
2008-11-05,905005,INSFI,2986.04,2982.18,0.13,2995.11,2962.78,2962.78
2008-11-05,905008,INDSC,2395.37,2372.8,0.95,2424.34,2369.52,2369.52
2008-11-05,905013,INBCO,1689.91,1672.14,1.06,1693.63,1672.97,1672.97
2008-11-05,905014,INAUE,1618.8,1581.01,2.39,1629.07,1585.46,1585.46
2008-11-05,905017,INDIN,815.94,794.6,2.69,815.94,796.88,796.88
2008-11-05,905018,INBMC,744.45,718.93,3.55,744.45,721.85,721.85
2008-11-05,905020,INDMB,1490.27,1500.12,-0.66,1503.22,1490.27,1500.12
2008-11-06,905001,TUNINDEX,3054.39,3065.56,-0.36,3074.47,3046.99,3072.55
2008-11-06,905002,INDSF,2129.0,2139.16,-0.47,2141.32,2125.18,2141.32
2008-11-06,905003,INDBQ,1977.02,1987.8,-0.54,1990.05,1975.26,1990.05
2008-11-06,905005,INSFI,2970.24,2986.04,-0.53,2986.04,2948.06,2986.04
2008-11-06,905008,INDSC,2405.25,2395.37,0.41,2431.84,2396.9,2420.89
2008-11-06,905013,INBCO,1690.18,1689.91,0.02,1697.8,1673.44,1690.74
2008-11-06,905014,INAUE,1592.8,1618.8,-1.61,1623.25,1578.57,1623.25
2008-11-06,905017,INDIN,809.31,815.94,-0.81,817.58,802.83,815.94
2008-11-06,905018,INBMC,735.97,744.45,-1.14,746.55,727.68,744.45
2008-11-06,905020,INDMB,1478.91,1490.27,-0.76,1505.74,1478.91,1505.74
2008-11-10,905001,TUNINDEX,3058.24,3054.39,0.13,3058.37,3038.56,3044.17
2008-11-10,905002,INDSF,2131.71,2129.0,0.13,2131.71,2113.79,2120.02
2008-11-10,905003,INDBQ,1981.04,1977.02,0.2,1981.04,1963.06,1967.66
2008-11-10,905005,INSFI,2961.16,2970.24,-0.31,2969.11,2950.1,2969.11
2008-11-10,905008,INDSC,2432.48,2405.25,1.13,2432.48,2401.26,2412.89
2008-11-10,905013,INBCO,1693.1,1690.18,0.17,1696.35,1671.23,1687.17
2008-11-10,905014,INAUE,1566.86,1592.8,-1.63,1576.79,1562.55,1576.79
2008-11-10,905017,INDIN,804.54,809.31,-0.59,813.01,792.66,798.41
2008-11-10,905018,INBMC,733.42,735.97,-0.35,740.71,714.68,722.04
2008-11-10,905020,INDMB,1460.86,1478.91,-1.22,1475.65,1456.73,1475.65
2008-11-11,905001,TUNINDEX,3065.35,3058.24,0.23,3065.35,3042.82,3058.71
2008-11-11,905002,INDSF,2131.96,2131.71,0.01,2133.47,2121.6,2131.25
2008-11-11,905003,INDBQ,1979.44,1981.04,-0.08,1981.83,1970.95,1980.3
2008-11-11,905005,INSFI,2964.68,2961.16,0.12,2967.63,2950.33,2967.63
2008-11-11,905008,INDSC,2461.03,2432.48,1.17,2461.03,2401.43,2438.32
2008-11-11,905013,INBCO,1693.83,1693.1,0.04,1700.28,1672.01,1694.42
2008-11-11,905014,INAUE,1561.8,1566.86,-0.32,1573.09,1556.37,1561.42
2008-11-11,905017,INDIN,803.61,804.54,-0.12,804.68,797.67,804.68
2008-11-11,905018,INBMC,733.11,733.42,-0.04,733.62,725.52,733.6
2008-11-11,905020,INDMB,1489.51,1460.86,1.96,1489.51,1455.47,1461.89
2008-11-12,905001,TUNINDEX,3090.83,3065.35,0.83,3090.83,3077.8,3077.8
2008-11-12,905002,INDSF,2151.13,2131.96,0.9,2151.13,2139.62,2140.09
2008-11-12,905003,INDBQ,1997.65,1979.44,0.92,1997.65,1985.26,1987.25
2008-11-12,905005,INSFI,2999.34,2964.68,1.17,3000.02,2972.11,2972.11
2008-11-12,905008,INDSC,2468.77,2461.03,0.31,2497.48,2467.78,2478.01
2008-11-12,905013,INBCO,1692.04,1693.83,-0.11,1701.06,1690.54,1696.11
2008-11-12,905014,INAUE,1549.94,1561.8,-0.76,1557.35,1541.99,1557.35
2008-11-12,905017,INDIN,829.38,803.61,3.21,829.38,804.75,804.75
2008-11-12,905018,INBMC,762.53,733.11,4.01,762.53,734.57,734.57
2008-11-12,905020,INDMB,1514.09,1489.51,1.65,1514.09,1503.95,1503.95
2008-11-13,905001,TUNINDEX,3090.01,3090.83,-0.03,3096.09,3084.99,3091.6
2008-11-13,905002,INDSF,2142.61,2151.13,-0.4,2152.1,2141.72,2152.02
2008-11-13,905003,INDBQ,1991.08,1997.65,-0.33,1998.46,1990.28,1998.29
2008-11-13,905005,INSFI,2989.5,2999.34,-0.33,3013.41,2974.12,3006.29
2008-11-13,905008,INDSC,2484.66,2468.77,0.64,2489.39,2460.51,2462.49
2008-11-13,905013,INBCO,1716.04,1692.04,1.42,1716.88,1694.55,1694.55
2008-11-13,905014,INAUE,1545.19,1549.94,-0.31,1565.32,1536.29,1563.28
2008-11-13,905017,INDIN,828.59,829.38,-0.1,845.42,828.59,831.6
2008-11-13,905018,INBMC,764.18,762.53,0.22,783.04,762.64,765.37
2008-11-13,905020,INDMB,1525.92,1514.09,0.78,1525.92,1505.4,1513.06
2008-11-14,905001,TUNINDEX,3076.68,3090.01,-0.43,3087.98,3060.88,3087.98
2008-11-14,905002,INDSF,2138.72,2142.61,-0.18,2140.67,2127.99,2139.84
2008-11-14,905003,INDBQ,1987.51,1991.08,-0.18,1988.19,1975.36,1988.19
2008-11-14,905005,INSFI,2978.37,2989.5,-0.37,2988.37,2938.28,2988.37
2008-11-14,905008,INDSC,2444.69,2484.66,-1.61,2487.94,2410.5,2487.94
2008-11-14,905013,INBCO,1697.95,1716.04,-1.05,1716.88,1690.01,1716.88
2008-11-14,905014,INAUE,1523.34,1545.19,-1.41,1549.63,1523.34,1549.63
2008-11-14,905017,INDIN,817.31,828.59,-1.36,832.65,817.31,832.65
2008-11-14,905018,INBMC,751.52,764.18,-1.66,769.37,751.52,769.37
2008-11-14,905020,INDMB,1521.79,1525.92,-0.27,1525.92,1511.48,1525.92
2008-11-17,905001,TUNINDEX,3061.48,3076.68,-0.49,3076.22,3058.39,3075.34
2008-11-17,905002,INDSF,2131.87,2138.72,-0.32,2135.99,2130.38,2135.99
2008-11-17,905003,INDBQ,1982.3,1987.51,-0.26,1984.75,1979.79,1984.67
2008-11-17,905005,INSFI,2931.2,2978.37,-1.58,2978.37,2920.48,2978.37
2008-11-17,905008,INDSC,2428.83,2444.69,-0.65,2465.94,2405.33,2457.83
2008-11-17,905013,INBCO,1688.13,1697.95,-0.58,1703.3,1687.0,1697.95
2008-11-17,905014,INAUE,1523.34,1523.34,0.0,1551.81,1523.34,1523.34
2008-11-17,905017,INDIN,804.28,817.31,-1.59,819.73,804.28,815.03
2008-11-17,905018,INBMC,737.51,751.52,-1.86,753.73,737.51,748.6
2008-11-17,905020,INDMB,1507.49,1521.79,-0.94,1522.83,1503.32,1522.83
2008-11-18,905001,TUNINDEX,3038.09,3061.48,-0.76,3054.74,3038.0,3054.34
2008-11-18,905002,INDSF,2112.82,2131.87,-0.89,2127.09,2112.38,2126.8
2008-11-18,905003,INDBQ,1963.62,1982.3,-0.94,1977.13,1963.16,1976.54
2008-11-18,905005,INSFI,2902.44,2931.2,-0.98,2928.93,2901.65,2928.93
2008-11-18,905008,INDSC,2415.83,2428.83,-0.54,2425.55,2404.1,2412.41
2008-11-18,905013,INBCO,1683.8,1688.13,-0.26,1687.92,1674.43,1687.92
2008-11-18,905014,INAUE,1504.78,1523.34,-1.22,1514.21,1486.53,1514.21
2008-11-18,905017,INDIN,806.11,804.28,0.23,810.91,793.93,803.05
2008-11-18,905018,INBMC,738.97,737.51,0.2,743.34,723.4,735.05
2008-11-18,905020,INDMB,1492.55,1507.49,-0.99,1506.02,1492.55,1506.02
2008-11-19,905001,TUNINDEX,3040.21,3038.09,0.07,3054.11,3033.63,3038.85
2008-11-19,905002,INDSF,2108.56,2112.82,-0.2,2120.27,2107.83,2113.6
2008-11-19,905003,INDBQ,1958.43,1963.62,-0.26,1969.86,1957.16,1959.54
2008-11-19,905005,INSFI,2920.76,2902.44,0.63,2926.15,2898.92,2922.18
2008-11-19,905008,INDSC,2417.93,2415.83,0.09,2433.84,2407.16,2415.83
2008-11-19,905013,INBCO,1705.81,1683.8,1.31,1705.81,1684.84,1700.07
2008-11-19,905014,INAUE,1514.73,1504.78,0.66,1528.08,1502.27,1510.28
2008-11-19,905017,INDIN,812.75,806.11,0.82,815.87,802.35,806.11
2008-11-19,905018,INBMC,748.35,738.97,1.27,751.45,735.05,745.62
2008-11-19,905020,INDMB,1497.55,1492.55,0.33,1514.44,1497.55,1514.44
2008-11-20,905001,TUNINDEX,3039.91,3040.21,-0.01,3045.28,3025.37,3040.44
2008-11-20,905002,INDSF,2111.83,2108.56,0.16,2112.93,2096.89,2109.64
2008-11-20,905003,INDBQ,1963.03,1958.43,0.23,1963.03,1948.53,1958.69
2008-11-20,905005,INSFI,2911.8,2920.76,-0.31,2941.01,2881.06,2928.53
2008-11-20,905008,INDSC,2417.04,2417.93,-0.04,2425.63,2405.04,2418.3
2008-11-20,905013,INBCO,1696.89,1705.81,-0.52,1704.06,1688.99,1704.06
2008-11-20,905014,INAUE,1495.55,1514.73,-1.27,1510.28,1491.1,1510.28
2008-11-20,905017,INDIN,801.51,812.75,-1.38,812.75,800.33,811.27
2008-11-20,905018,INBMC,735.74,748.35,-1.69,748.35,734.23,746.45
2008-11-20,905020,INDMB,1500.64,1497.55,0.21,1506.83,1495.48,1496.52
2008-11-21,905001,TUNINDEX,3030.49,3039.91,-0.31,3042.06,3017.67,3041.01
2008-11-21,905002,INDSF,2108.84,2111.83,-0.14,2113.25,2098.65,2112.47
2008-11-21,905003,INDBQ,1960.09,1963.03,-0.15,1963.84,1949.9,1963.03
2008-11-21,905005,INSFI,2890.88,2911.8,-0.72,2911.8,2872.45,2911.8
2008-11-21,905008,INDSC,2411.65,2417.04,-0.22,2425.63,2364.37,2423.61
2008-11-21,905013,INBCO,1680.06,1696.89,-0.99,1696.42,1680.06,1696.42
2008-11-21,905014,INAUE,1472.23,1495.55,-1.56,1493.04,1463.68,1493.04
2008-11-21,905017,INDIN,799.13,801.51,-0.3,801.51,789.58,801.51
2008-11-21,905018,INBMC,734.47,735.74,-0.17,735.74,723.14,735.74
2008-11-21,905020,INDMB,1487.23,1500.64,-0.89,1499.61,1484.14,1499.61
2008-11-24,905001,TUNINDEX,2994.33,3030.49,-1.19,3035.89,2988.21,3035.15
2008-11-24,905002,INDSF,2085.85,2108.84,-1.09,2114.14,2082.2,2114.03
2008-11-24,905003,INDBQ,1939.28,1960.09,-1.06,1965.51,1934.77,1965.51
2008-11-24,905005,INSFI,2814.14,2890.88,-2.65,2893.61,2811.47,2893.61
2008-11-24,905008,INDSC,2352.03,2411.65,-2.47,2411.65,2352.03,2411.65
2008-11-24,905013,INBCO,1671.11,1680.06,-0.53,1675.37,1635.98,1675.37
2008-11-24,905014,INAUE,1441.76,1472.23,-2.07,1461.55,1423.18,1461.55
2008-11-24,905017,INDIN,788.83,799.13,-1.29,805.97,783.94,805.97
2008-11-24,905018,INBMC,723.96,734.47,-1.43,743.21,718.58,743.21
2008-11-24,905020,INDMB,1467.41,1487.23,-1.33,1497.55,1462.25,1496.52
2008-11-25,905001,TUNINDEX,2957.89,2994.33,-1.22,2992.42,2952.19,2992.42
2008-11-25,905002,INDSF,2058.16,2085.85,-1.33,2084.33,2052.97,2084.33
2008-11-25,905003,INDBQ,1912.48,1939.28,-1.38,1939.28,1908.14,1939.28
2008-11-25,905005,INSFI,2755.33,2814.14,-2.09,2811.16,2753.22,2775.34
2008-11-25,905008,INDSC,2342.49,2352.03,-0.41,2352.03,2315.51,2325.76
2008-11-25,905013,INBCO,1648.65,1671.11,-1.34,1651.16,1640.81,1646.0
2008-11-25,905014,INAUE,1424.59,1441.76,-1.19,1437.31,1386.58,1414.17
2008-11-25,905017,INDIN,778.69,788.83,-1.29,791.11,776.77,791.11
2008-11-25,905018,INBMC,716.31,723.96,-1.06,726.87,712.08,726.87
2008-11-25,905020,INDMB,1448.03,1467.41,-1.32,1457.09,1444.71,1450.9
2008-11-26,905001,TUNINDEX,2957.47,2957.89,-0.01,2967.65,2936.25,2956.3
2008-11-26,905002,INDSF,2054.91,2058.16,-0.16,2065.66,2036.85,2060.27
2008-11-26,905003,INDBQ,1911.93,1912.48,-0.03,1920.25,1893.49,1914.62
2008-11-26,905005,INSFI,2717.95,2755.33,-1.36,2756.62,2702.39,2756.62
2008-11-26,905008,INDSC,2350.39,2342.49,0.34,2350.39,2290.26,2345.77
2008-11-26,905013,INBCO,1666.81,1648.65,1.1,1669.89,1636.94,1636.94
2008-11-26,905014,INAUE,1432.18,1424.59,0.53,1432.18,1393.79,1424.59
2008-11-26,905017,INDIN,778.2,778.69,-0.06,784.39,767.16,784.39
2008-11-26,905018,INBMC,719.22,716.31,0.41,723.6,705.99,723.6
2008-11-26,905020,INDMB,1436.09,1448.03,-0.82,1445.97,1435.65,1445.97
2008-11-27,905001,TUNINDEX,2966.22,2957.47,0.3,2974.89,2955.89,2955.89
2008-11-27,905002,INDSF,2062.38,2054.91,0.36,2066.0,2055.97,2055.97
2008-11-27,905003,INDBQ,1917.31,1911.93,0.28,1921.51,1912.37,1912.9
2008-11-27,905005,INSFI,2755.32,2717.95,1.37,2786.36,2721.17,2721.17
2008-11-27,905008,INDSC,2332.49,2350.39,-0.76,2352.21,2316.72,2352.21
2008-11-27,905013,INBCO,1689.02,1666.81,1.33,1690.21,1650.41,1650.41
2008-11-27,905014,INAUE,1465.77,1432.18,2.35,1467.78,1432.18,1432.18
2008-11-27,905017,INDIN,783.7,778.2,0.71,785.98,777.06,785.04
2008-11-27,905018,INBMC,723.6,719.22,0.61,727.97,717.77,727.97
2008-11-27,905020,INDMB,1423.55,1436.09,-0.87,1447.43,1420.61,1436.09
2008-11-28,905001,TUNINDEX,2958.38,2966.22,-0.26,2971.83,2948.17,2968.81
2008-11-28,905002,INDSF,2062.1,2062.38,-0.01,2065.48,2052.7,2062.69
2008-11-28,905003,INDBQ,1916.59,1917.31,-0.04,1919.87,1907.23,1917.31
2008-11-28,905005,INSFI,2762.41,2755.32,0.26,2770.82,2755.03,2763.27
2008-11-28,905008,INDSC,2351.02,2332.49,0.79,2359.13,2320.69,2358.77
2008-11-28,905013,INBCO,1654.03,1689.02,-2.07,1690.16,1654.03,1688.66
2008-11-28,905014,INAUE,1457.67,1465.77,-0.55,1473.78,1457.67,1465.77
2008-11-28,905017,INDIN,780.73,783.7,-0.38,785.78,770.92,777.8
2008-11-28,905018,INBMC,720.68,723.6,-0.4,723.6,709.02,713.4
2008-11-28,905020,INDMB,1409.96,1423.55,-0.95,1421.31,1406.86,1418.21
2008-12-01,905001,TUNINDEX,2983.74,2958.38,0.86,2983.74,2959.11,2967.66
2008-12-01,905002,INDSF,2079.8,2062.1,0.86,2079.8,2063.45,2068.55
2008-12-01,905003,INDBQ,1934.93,1916.59,0.96,1934.93,1918.18,1923.35
2008-12-01,905005,INSFI,2771.09,2762.41,0.31,2781.01,2764.85,2771.09
2008-12-01,905008,INDSC,2369.78,2351.02,0.8,2369.78,2339.86,2362.85
2008-12-01,905013,INBCO,1680.39,1654.03,1.59,1680.39,1653.36,1654.0
2008-12-01,905014,INAUE,1469.11,1457.67,0.78,1469.11,1449.6,1452.99
2008-12-01,905017,INDIN,782.31,780.73,0.2,791.62,768.65,782.01
2008-12-01,905018,INBMC,720.04,720.68,-0.09,731.06,709.66,722.32
2008-12-01,905020,INDMB,1409.14,1409.96,-0.06,1423.37,1409.14,1423.37
2008-12-02,905001,TUNINDEX,2973.36,2983.74,-0.35,2987.93,2967.96,2987.93
2008-12-02,905002,INDSF,2075.42,2079.8,-0.21,2085.02,2069.65,2085.02
2008-12-02,905003,INDBQ,1927.1,1934.93,-0.4,1940.38,1924.14,1940.38
2008-12-02,905005,INSFI,2762.65,2771.09,-0.3,2771.09,2756.68,2771.09
2008-12-02,905008,INDSC,2335.64,2369.78,-1.44,2364.1,2308.96,2356.65
2008-12-02,905013,INBCO,1677.58,1680.39,-0.17,1680.89,1677.25,1679.38
2008-12-02,905014,INAUE,1466.66,1469.11,-0.17,1471.78,1461.1,1463.77
2008-12-02,905017,INDIN,781.37,782.31,-0.12,786.92,776.17,786.92
2008-12-02,905018,INBMC,719.73,720.04,-0.04,725.05,714.85,725.05
2008-12-02,905020,INDMB,1397.54,1409.14,-0.82,1416.36,1397.54,1416.36
2008-12-03,905001,TUNINDEX,2967.64,2973.36,-0.19,2974.18,2954.73,2974.18
2008-12-03,905002,INDSF,2072.98,2075.42,-0.12,2076.53,2064.59,2076.53
2008-12-03,905003,INDBQ,1924.4,1927.1,-0.14,1928.94,1916.47,1928.94
2008-12-03,905005,INSFI,2766.64,2762.65,0.14,2775.81,2759.2,2761.51
2008-12-03,905008,INDSC,2336.38,2335.64,0.03,2336.38,2312.65,2312.65
2008-12-03,905013,INBCO,1668.73,1677.58,-0.53,1677.58,1655.73,1677.58
2008-12-03,905014,INAUE,1473.52,1466.66,0.47,1475.56,1466.66,1466.66
2008-12-03,905017,INDIN,776.46,781.37,-0.63,786.57,771.07,785.93
2008-12-03,905018,INBMC,712.56,719.73,-1.0,726.38,710.1,725.56
2008-12-03,905020,INDMB,1390.32,1397.54,-0.52,1402.7,1390.32,1400.64
2008-12-04,905001,TUNINDEX,2951.19,2967.64,-0.55,2967.37,2944.03,2966.34
2008-12-04,905002,INDSF,2058.1,2072.98,-0.72,2074.11,2053.29,2073.07
2008-12-04,905003,INDBQ,1911.0,1924.4,-0.7,1925.62,1905.99,1924.53
2008-12-04,905005,INSFI,2723.15,2766.64,-1.57,2756.99,2723.15,2756.99
2008-12-04,905008,INDSC,2351.33,2336.38,0.64,2353.96,2330.97,2330.97
2008-12-04,905013,INBCO,1657.14,1668.73,-0.69,1657.14,1654.82,1657.02
2008-12-04,905014,INAUE,1474.2,1473.52,0.05,1474.2,1461.86,1468.09
2008-12-04,905017,INDIN,772.46,776.46,-0.52,774.18,764.59,774.18
2008-12-04,905018,INBMC,707.45,712.56,-0.72,709.65,700.93,709.65
2008-12-04,905020,INDMB,1394.0,1390.32,0.26,1400.64,1389.23,1390.32
2008-12-05,905001,TUNINDEX,2931.16,2951.19,-0.68,2952.15,2925.38,2951.37
2008-12-05,905002,INDSF,2042.7,2058.1,-0.75,2060.48,2041.76,2059.08
2008-12-05,905003,INDBQ,1894.62,1911.0,-0.86,1912.3,1894.39,1912.02
2008-12-05,905005,INSFI,2723.15,2723.15,0.0,2751.06,2720.31,2723.15
2008-12-05,905008,INDSC,2343.19,2351.33,-0.35,2343.19,2320.2,2339.97
2008-12-05,905013,INBCO,1645.82,1657.14,-0.68,1657.91,1639.96,1657.44
2008-12-05,905014,INAUE,1441.04,1474.2,-2.25,1461.74,1436.97,1461.74
2008-12-05,905017,INDIN,769.49,772.46,-0.38,773.74,761.02,773.1
2008-12-05,905018,INBMC,703.65,707.45,-0.54,709.09,696.36,708.27
2008-12-05,905020,INDMB,1386.12,1394.0,-0.57,1400.19,1371.3,1386.78
2008-12-10,905001,TUNINDEX,2908.4,2931.16,-0.78,2931.36,2903.49,2931.36
2008-12-10,905002,INDSF,2028.19,2042.7,-0.71,2043.13,2021.77,2043.13
2008-12-10,905003,INDBQ,1879.99,1894.62,-0.77,1895.04,1873.35,1895.04
2008-12-10,905005,INSFI,2710.92,2723.15,-0.45,2723.68,2694.44,2723.68
2008-12-10,905008,INDSC,2316.06,2343.19,-1.16,2341.16,2306.73,2341.16
2008-12-10,905013,INBCO,1629.79,1645.82,-0.97,1645.82,1629.79,1645.82
2008-12-10,905014,INAUE,1418.12,1441.04,-1.59,1441.04,1414.04,1441.04
2008-12-10,905017,INDIN,768.0,769.49,-0.19,777.46,761.03,777.46
2008-12-10,905018,INBMC,705.29,703.65,0.23,713.85,692.83,713.85
2008-12-10,905020,INDMB,1373.74,1386.12,-0.89,1388.18,1373.74,1388.18
2008-12-11,905001,TUNINDEX,2893.14,2908.4,-0.52,2911.51,2872.14,2911.1
2008-12-11,905002,INDSF,2018.39,2028.19,-0.48,2027.61,1999.47,2027.02
2008-12-11,905003,INDBQ,1870.17,1879.99,-0.52,1878.87,1852.45,1877.94
2008-12-11,905005,INSFI,2692.78,2710.92,-0.67,2702.98,2661.74,2702.98
2008-12-11,905008,INDSC,2304.41,2316.06,-0.5,2332.48,2287.08,2332.48
2008-12-11,905013,INBCO,1631.5,1629.79,0.1,1641.5,1618.76,1641.5
2008-12-11,905014,INAUE,1389.85,1418.12,-1.99,1418.12,1387.13,1418.12
2008-12-11,905017,INDIN,759.48,768.0,-1.11,764.58,754.1,761.16
2008-12-11,905018,INBMC,692.63,705.29,-1.8,700.92,690.17,696.54
2008-12-11,905020,INDMB,1353.07,1373.74,-1.5,1372.71,1348.94,1372.71
2008-12-12,905001,TUNINDEX,2836.64,2893.14,-1.95,2893.98,2820.78,2893.6
2008-12-12,905002,INDSF,1982.07,2018.39,-1.8,2018.87,1968.49,2018.48
2008-12-12,905003,INDBQ,1839.15,1870.17,-1.66,1870.5,1824.63,1870.09
2008-12-12,905005,INSFI,2624.92,2692.78,-2.52,2697.12,2621.52,2697.12
2008-12-12,905008,INDSC,2257.86,2304.41,-2.02,2304.41,2240.82,2304.41
2008-12-12,905013,INBCO,1584.57,1631.5,-2.88,1630.99,1582.13,1630.99
2008-12-12,905014,INAUE,1337.53,1389.85,-3.76,1387.13,1330.81,1387.13
2008-12-12,905017,INDIN,746.45,759.48,-1.72,768.15,744.64,767.46
2008-12-12,905018,INBMC,675.96,692.63,-2.41,702.83,675.41,702.83
2008-12-12,905020,INDMB,1329.98,1353.07,-1.71,1347.91,1329.98,1347.91
2008-12-15,905001,TUNINDEX,2879.82,2836.64,1.52,2880.01,2834.97,2848.38
2008-12-15,905002,INDSF,2013.58,1982.07,1.59,2013.58,1984.42,1987.43
2008-12-15,905003,INDBQ,1869.69,1839.15,1.66,1869.69,1842.46,1845.34
2008-12-15,905005,INSFI,2659.23,2624.92,1.31,2664.15,2602.85,2610.46
2008-12-15,905008,INDSC,2265.29,2257.86,0.33,2278.82,2235.35,2278.82
2008-12-15,905013,INBCO,1620.67,1584.57,2.28,1621.55,1565.82,1603.32
2008-12-15,905014,INAUE,1307.93,1337.53,-2.21,1331.3,1288.58,1312.61
2008-12-15,905017,INDIN,754.81,746.45,1.12,755.15,739.9,744.29
2008-12-15,905018,INBMC,687.53,675.96,1.71,688.09,669.6,673.2
2008-12-15,905020,INDMB,1341.7,1329.98,0.88,1343.39,1316.57,1329.98
2008-12-16,905001,TUNINDEX,2897.29,2879.82,0.61,2897.29,2871.43,2878.43
2008-12-16,905002,INDSF,2022.96,2013.58,0.47,2022.96,2008.54,2013.99
2008-12-16,905003,INDBQ,1873.05,1869.69,0.18,1874.53,1864.0,1869.69
2008-12-16,905005,INSFI,2746.78,2659.23,3.29,2746.78,2668.19,2669.44
2008-12-16,905008,INDSC,2276.88,2265.29,0.51,2278.14,2248.51,2248.87
2008-12-16,905013,INBCO,1631.65,1620.67,0.68,1643.11,1601.17,1604.6
2008-12-16,905014,INAUE,1337.11,1307.93,2.23,1337.11,1295.19,1315.94
2008-12-16,905017,INDIN,768.48,754.81,1.81,768.48,751.25,759.96
2008-12-16,905018,INBMC,705.02,687.53,2.54,705.02,685.64,696.78
2008-12-16,905020,INDMB,1355.26,1341.7,1.01,1355.26,1341.72,1344.82
2008-12-17,905001,TUNINDEX,2901.58,2897.29,0.15,2911.79,2893.46,2898.72
2008-12-17,905002,INDSF,2020.41,2022.96,-0.13,2030.96,2014.86,2023.68
2008-12-17,905003,INDBQ,1869.37,1873.05,-0.2,1878.94,1863.65,1873.33
2008-12-17,905005,INSFI,2796.81,2746.78,1.82,2829.59,2758.12,2758.12
2008-12-17,905008,INDSC,2289.01,2276.88,0.53,2296.4,2276.84,2277.03
2008-12-17,905013,INBCO,1638.51,1631.65,0.42,1639.61,1626.6,1633.16
2008-12-17,905014,INAUE,1375.52,1337.11,2.87,1375.52,1345.12,1345.12
2008-12-17,905017,INDIN,770.69,768.48,0.29,776.46,762.71,768.48
2008-12-17,905018,INBMC,705.19,705.02,0.02,715.22,694.99,705.02
2008-12-17,905020,INDMB,1372.1,1355.26,1.24,1382.05,1355.23,1360.41
2008-12-18,905001,TUNINDEX,2901.68,2901.58,0.0,2911.1,2892.84,2902.42
2008-12-18,905002,INDSF,2021.45,2020.41,0.05,2027.18,2011.77,2019.52
2008-12-18,905003,INDBQ,1868.81,1869.37,-0.03,1874.87,1858.32,1868.43
2008-12-18,905005,INSFI,2836.52,2796.81,1.42,2862.49,2808.72,2808.72
2008-12-18,905008,INDSC,2293.18,2289.01,0.18,2299.9,2289.01,2289.01
2008-12-18,905013,INBCO,1624.19,1638.51,-0.87,1639.46,1623.05,1638.66
2008-12-18,905014,INAUE,1356.43,1375.52,-1.39,1375.31,1345.63,1371.44
2008-12-18,905017,INDIN,780.28,770.69,1.24,780.37,766.26,775.25
2008-12-18,905018,INBMC,716.56,705.19,1.61,716.68,698.64,711.02
2008-12-18,905020,INDMB,1366.92,1372.1,-0.38,1379.32,1365.89,1379.32
2008-12-19,905001,TUNINDEX,2911.96,2901.68,0.35,2911.96,2891.87,2901.05
2008-12-19,905002,INDSF,2032.61,2021.45,0.55,2032.61,2020.7,2021.61
2008-12-19,905003,INDBQ,1879.17,1868.81,0.55,1879.17,1867.61,1868.02
2008-12-19,905005,INSFI,2867.63,2836.52,1.1,2869.85,2832.01,2859.69
2008-12-19,905008,INDSC,2303.5,2293.18,0.45,2303.5,2255.54,2296.47
2008-12-19,905013,INBCO,1625.83,1624.19,0.1,1625.83,1607.92,1623.35
2008-12-19,905014,INAUE,1364.74,1356.43,0.61,1364.74,1331.82,1356.05
2008-12-19,905017,INDIN,774.94,780.28,-0.68,781.66,770.96,778.89
2008-12-19,905018,INBMC,707.97,716.56,-1.2,718.02,702.88,718.02
2008-12-19,905020,INDMB,1347.8,1366.92,-1.4,1360.37,1344.87,1360.37
2008-12-22,905001,TUNINDEX,2909.66,2911.96,-0.08,2913.6,2892.37,2910.09
2008-12-22,905002,INDSF,2033.75,2032.61,0.06,2033.75,2017.03,2032.11
2008-12-22,905003,INDBQ,1880.24,1879.17,0.06,1880.24,1863.4,1879.03
2008-12-22,905005,INSFI,2873.92,2867.63,0.22,2873.92,2847.43,2858.55
2008-12-22,905008,INDSC,2303.42,2303.5,0.0,2303.5,2279.0,2287.07
2008-12-22,905013,INBCO,1607.29,1625.83,-1.14,1626.33,1601.78,1625.83
2008-12-22,905014,INAUE,1338.02,1364.74,-1.96,1367.41,1338.02,1364.74
2008-12-22,905017,INDIN,777.83,774.94,0.37,782.27,771.7,779.5
2008-12-22,905018,INBMC,709.89,707.97,0.27,713.79,700.28,713.79
2008-12-22,905020,INDMB,1349.19,1347.8,0.1,1352.96,1347.8,1352.96
2008-12-23,905001,TUNINDEX,2887.28,2909.66,-0.77,2906.31,2885.22,2906.31
2008-12-23,905002,INDSF,2022.55,2033.75,-0.55,2029.74,2017.78,2029.74
2008-12-23,905003,INDBQ,1869.92,1880.24,-0.55,1876.02,1865.29,1876.02
2008-12-23,905005,INSFI,2876.7,2873.92,0.1,2880.45,2837.0,2874.77
2008-12-23,905008,INDSC,2264.73,2303.42,-1.68,2284.88,2244.73,2276.77
2008-12-23,905013,INBCO,1585.62,1607.29,-1.35,1608.64,1585.62,1608.13
2008-12-23,905014,INAUE,1313.51,1338.02,-1.83,1350.48,1312.62,1342.47
2008-12-23,905017,INDIN,763.64,777.83,-1.82,782.39,763.64,782.39
2008-12-23,905018,INBMC,691.74,709.89,-2.56,715.72,691.74,715.72
2008-12-23,905020,INDMB,1343.88,1349.19,-0.39,1349.17,1338.85,1349.17
2008-12-24,905001,TUNINDEX,2888.29,2887.28,0.03,2889.98,2879.81,2886.12
2008-12-24,905002,INDSF,2021.96,2022.55,-0.03,2022.93,2015.94,2021.94
2008-12-24,905003,INDBQ,1868.32,1869.92,-0.09,1869.91,1862.76,1869.24
2008-12-24,905005,INSFI,2905.37,2876.7,1.0,2919.51,2864.73,2877.84
2008-12-24,905008,INDSC,2269.16,2264.73,0.2,2269.16,2239.4,2264.73
2008-12-24,905013,INBCO,1589.02,1585.62,0.21,1605.81,1586.46,1586.46
2008-12-24,905014,INAUE,1312.3,1313.51,-0.09,1322.44,1310.26,1317.99
2008-12-24,905017,INDIN,765.58,763.64,0.25,768.19,754.98,760.22
2008-12-24,905018,INBMC,695.11,691.74,0.49,697.57,684.22,687.37
2008-12-24,905020,INDMB,1342.85,1343.88,-0.08,1343.88,1338.73,1343.88
2008-12-25,905001,TUNINDEX,2887.25,2888.29,-0.04,2895.24,2879.46,2890.84
2008-12-25,905002,INDSF,2021.16,2021.96,-0.04,2026.7,2013.83,2022.32
2008-12-25,905003,INDBQ,1867.14,1868.32,-0.06,1872.89,1859.17,1868.32
2008-12-25,905005,INSFI,2913.68,2905.37,0.29,2952.03,2898.88,2914.45
2008-12-25,905008,INDSC,2269.4,2269.16,0.01,2290.33,2248.6,2288.87
2008-12-25,905013,INBCO,1588.62,1589.02,-0.03,1593.42,1588.62,1589.27
2008-12-25,905014,INAUE,1287.02,1312.3,-1.93,1315.22,1287.02,1313.66
2008-12-25,905017,INDIN,763.9,765.58,-0.22,765.58,758.95,765.58
2008-12-25,905018,INBMC,693.85,695.11,-0.18,695.11,686.64,695.11
2008-12-25,905020,INDMB,1343.88,1342.85,0.08,1349.04,1338.73,1342.85
2008-12-26,905001,TUNINDEX,2891.19,2887.25,0.14,2891.19,2874.99,2887.51
2008-12-26,905002,INDSF,2028.18,2021.16,0.35,2028.51,2014.38,2021.79
2008-12-26,905003,INDBQ,1872.04,1867.14,0.26,1872.04,1861.81,1867.14
2008-12-26,905005,INSFI,2973.26,2913.68,2.04,2982.77,2879.71,2929.56
2008-12-26,905008,INDSC,2262.37,2269.4,-0.31,2271.13,2251.42,2266.11
2008-12-26,905013,INBCO,1580.17,1588.62,-0.53,1588.62,1572.61,1584.27
2008-12-26,905014,INAUE,1305.99,1287.02,1.47,1305.99,1263.88,1263.88
2008-12-26,905017,INDIN,764.74,763.9,0.11,765.49,755.85,765.04
2008-12-26,905018,INBMC,696.7,693.85,0.41,696.76,686.71,695.31
2008-12-26,905020,INDMB,1343.34,1343.88,-0.04,1349.53,1343.34,1348.01
2008-12-30,905001,TUNINDEX,2889.97,2891.19,-0.04,2893.63,2880.74,2886.83
2008-12-30,905002,INDSF,2028.01,2028.18,-0.01,2028.38,2017.87,2023.83
2008-12-30,905003,INDBQ,1870.02,1872.04,-0.11,1871.45,1859.74,1866.98
2008-12-30,905005,INSFI,2983.04,2973.26,0.33,3012.01,2971.74,2986.42
2008-12-30,905008,INDSC,2243.85,2262.37,-0.82,2275.07,2243.85,2272.22
2008-12-30,905013,INBCO,1580.8,1580.17,0.04,1581.02,1576.05,1580.17
2008-12-30,905014,INAUE,1312.27,1305.99,0.48,1312.27,1298.61,1310.51
2008-12-30,905017,INDIN,762.93,764.74,-0.24,772.38,742.08,765.88
2008-12-30,905018,INBMC,687.67,696.7,-1.3,698.15,678.43,698.15
2008-12-30,905020,INDMB,1352.43,1343.34,0.68,1354.5,1341.28,1341.28
2008-12-31,905001,TUNINDEX,2892.4,2889.97,0.08,2895.62,2882.4,2885.48
2008-12-31,905002,INDSF,2034.13,2028.01,0.3,2034.52,2022.13,2024.28
2008-12-31,905003,INDBQ,1876.72,1870.02,0.36,1876.86,1863.94,1866.69
2008-12-31,905005,INSFI,2978.71,2983.04,-0.15,2987.82,2954.62,2969.41
2008-12-31,905008,INDSC,2241.49,2243.85,-0.11,2271.55,2239.21,2243.92
2008-12-31,905013,INBCO,1590.21,1580.8,0.6,1591.38,1575.68,1580.8
2008-12-31,905014,INAUE,1325.34,1312.27,1.0,1326.23,1309.76,1312.27
2008-12-31,905017,INDIN,761.25,762.93,-0.22,765.21,754.96,762.93
2008-12-31,905018,INBMC,689.06,687.67,0.2,690.59,677.47,677.47
2008-12-31,905020,INDMB,1318.41,1352.43,-2.52,1344.14,1318.41,1342.08
